ID,IUPACName,SMILES,CoreSMILES,State,InChIKey,Hammett_sigma,QQ.(VvsNHE),Q.Q=(VvsNHE)
1,"cyclohexa-2,5-diene-1,4-dione",O=C1C=CC(=O)C=C1,O=C1C=CC(=O)C=C1,Oxidized,AZQWKYJCGOJGHM-UHFFFAOYSA-N,,-0.161,-0.915
2,"1-benzothiophene-4,7-dione",O=C1C=CC(=O)c2sccc21,,,NKUJIXWGYKYYFL-UHFFFAOYSA-N,,-0.201,-1.021
3,"naphthalene-1,4-dione",O=C1C=CC(=O)c2ccccc21,O=C1C=CC(=O)c2ccccc21,Oxidized,FRASJONUBLZVQX-UHFFFAOYSA-N,,-0.341,-1.07
4,"anthracene-1,4-dione",O=C1C=CC(=O)c2cc3ccccc3cc21,O=C1C=CC(=O)c2cc3ccccc3cc21,Oxidized,LSOTZYUVGZKSHR-UHFFFAOYSA-N,,-0.4,-1.142
5,"anthracene-9,10-dione",O=C1c2ccccc2C(=O)c2ccccc21,O=C1c2ccccc2C(=O)c2ccccc21,Oxidized,RZVHIXYEVGDQDX-UHFFFAOYSA-N,,-0.591,-1.203
6,"pentacene-6,13-dione",O=C1c2cc3ccccc3cc2C(=O)c2cc3ccccc3cc21,O=C1c2ccccc2C(=O)c2ccccc21,Oxidized,UFCVADNIXDUEFZ-UHFFFAOYSA-N,,-0.796,-1.251
7,"cyclohexa-3,5-diene-1,2-dione",O=C1C=CC=CC1=O,O=C1C=CC=CC1=O,Oxidized,WOAHJDHKFWSLKE-UHFFFAOYSA-N,,-0.05,-0.765
8,"naphthalene-1,2-dione",O=C1C=Cc2ccccc2C1=O,O=C1C=Cc2ccccc2C1=O,Oxidized,KETQAJRQOHHATG-UHFFFAOYSA-N,,-0.248,-1.004
9,"phenanthrene-9,10-dione",O=C1C(=O)c2ccccc2-c2ccccc21,O=C1C(=O)c2ccccc2-c2ccccc21,Oxidized,YYVYAPXYZVYDHN-UHFFFAOYSA-N,,-0.33,-0.944
10,"acenaphthylene-1,2-dione",O=C1C(=O)c2cccc3cccc1c23,O=C1C(=O)c2cccc3cccc1c23,Oxidized,AFPRJLBZLPBTPZ-UHFFFAOYSA-N,,-0.604,-1.523
11,"1,10-phenanthroline-5,6-dione",O=C1C(=O)c2cccnc2-c2ncccc21,O=C1C(=O)c2cccnc2-c2ncccc21,Oxidized,KCALAFIVPCAXJI-UHFFFAOYSA-N,,-0.146,-0.866
12,"3,6-dioxocyclohexa-1,4-diene-1-carbonitrile",N#CC1=CC(=O)C=CC1=O,O=C1C=CC(=O)C=C1,Oxidized,RNKGDBXXIBUOTR-UHFFFAOYSA-N,0.66,0.25,-0.556
13,"3,6-dioxocyclohexa-1,4-diene-1,2-dicarbonitrile",N#CC1=C(C#N)C(=O)C=CC1=O,O=C1C=CC(=O)C=C1,Oxidized,DNXUGBMARDFRGG-UHFFFAOYSA-N,1.32,0.643,-0.226
14,"4,5-dichloro-3,6-dioxocyclohexa-1,4-diene-1,2-dicarbonitrile",N#CC1=C(C#N)C(=O)C(Cl)=C(Cl)C1=O,O=C1C=CC(=O)C=C1,Oxidized,HZNVUJQVZSTENZ-UHFFFAOYSA-N,1.78,0.837,-0.018
15,"2-chlorocyclohexa-2,5-diene-1,4-dione",O=C1C=CC(=O)C(Cl)=C1,O=C1C=CC(=O)C=C1,Oxidized,WOGWYSWDBYCVDY-UHFFFAOYSA-N,0.23,0.028,-0.833
16,"2-bromo-5-tert-butylcyclohexa-2,5-diene-1,4-dione",CC(C)(C)C1=CC(=O)C(Br)=CC1=O,O=C1C=CC(=O)C=C1,Oxidized,NTMPXCVVVHLEOJ-UHFFFAOYSA-N,0.03,-0.069,-0.989
17,"2-bromo-6-methylcyclohexa-2,5-diene-1,4-dione",CC1=CC(=O)C=C(Br)C1=O,O=C1C=CC(=O)C=C1,Oxidized,WTTXPOKQAYXZIK-UHFFFAOYSA-N,0.06,-0.044,-0.864
18,,CC(C)C1=CC(=O)C=C(I)C1=O,O=C1C=CC(=O)C=C1,Oxidized,UKQCMQSLWRDJJE-UHFFFAOYSA-N,0.03,-0.162,-1.03
19,"3-iodo-2-methyl-5-propan-2-ylcyclohexa-2,5-diene-1,4-dione",CC1=C(I)C(=O)C(C(C)C)=CC1=O,O=C1C=CC(=O)C=C1,Oxidized,OVOHLWHQLLXPFD-UHFFFAOYSA-N,-0.14,-0.158,-0.953
20,"2-bromo-6-chlorocyclohexa-2,5-diene-1,4-dione",O=C1C=C(Cl)C(=O)C(Br)=C1,O=C1C=CC(=O)C=C1,Oxidized,FNQGQLYFAMMZRA-UHFFFAOYSA-N,0.46,0.196,-0.698
21,"2,3-dichlorocyclohexa-2,5-diene-1,4-dione",O=C1C=CC(=O)C(Cl)=C1Cl,O=C1C=CC(=O)C=C1,Oxidized,USAYMJGCALIGIG-UHFFFAOYSA-N,0.46,0.132,-0.732
22,"2,5-dichlorocyclohexa-2,5-diene-1,4-dione",O=C1C=C(Cl)C(=O)C=C1Cl,O=C1C=CC(=O)C=C1,Oxidized,LNXVNZRYYHFMEY-UHFFFAOYSA-N,0.46,0.156,-0.702
23,"2,6-dichlorocyclohexa-2,5-diene-1,4-dione",O=C1C=C(Cl)C(=O)C(Cl)=C1,O=C1C=CC(=O)C=C1,Oxidized,JCARTGJGWCGSSU-UHFFFAOYSA-N,0.46,0.187,-0.695
24,"2,6-dibromocyclohexa-2,5-diene-1,4-dione",O=C1C=C(Br)C(=O)C(Br)=C1,O=C1C=CC(=O)C=C1,Oxidized,FGHCYIPZQUMLRQ-UHFFFAOYSA-N,0.46,0.195,-0.647
25,"2,6-diiodocyclohexa-2,5-diene-1,4-dione",O=C1C=C(I)C(=O)C(I)=C1,O=C1C=CC(=O)C=C1,Oxidized,KANJSWOVFIVFDI-UHFFFAOYSA-N,0.36,0.165,-0.685
26,"5-tert-butyl-2,3-dichlorocyclohexa-2,5-diene-1,4-dione",CC(C)(C)C1=CC(=O)C(Cl)=C(Cl)C1=O,O=C1C=CC(=O)C=C1,Oxidized,XNOSEPJTVNZNLU-UHFFFAOYSA-N,0.26,0.045,-0.896
27,"2,3-dibromo-5-tert-butylcyclohexa-2,5-diene-1,4-dione",CC(C)(C)C1=CC(=O)C(Br)=C(Br)C1=O,O=C1C=CC(=O)C=C1,Oxidized,HCBKPGGQJQJYLJ-UHFFFAOYSA-N,0.26,0.032,-0.887
28,"5-tert-butyl-2,3-diiodocyclohexa-2,5-diene-1,4-dione",CC(C)(C)C1=CC(=O)C(I)=C(I)C1=O,O=C1C=CC(=O)C=C1,Oxidized,FTLQGCCMJBTOPU-UHFFFAOYSA-N,0.16,0.00599999999999998,-0.916
29,"2,6-dichloro-3,5-dimethylcyclohexa-2,5-diene-1,4-dione",CC1=C(Cl)C(=O)C(Cl)=C(C)C1=O,O=C1C=CC(=O)C=C1,Oxidized,FPSIGQVXMAGDIY-UHFFFAOYSA-N,0.12,-0.052,-0.902
30,"2,5-ditert-butyl-3,6-dichlorocyclohexa-2,5-diene-1,4-dione",CC(C)(C)C1=C(Cl)C(=O)C(C(C)(C)C)=C(Cl)C1=O,O=C1C=CC(=O)C=C1,Oxidized,OFQJXLFDYBWUAQ-UHFFFAOYSA-N,0.06,-0.207,-1.094
31,"2,5-dibromo-3-methyl-6-propan-2-ylcyclohexa-2,5-diene-1,4-dione",CC1=C(Br)C(=O)C(C(C)C)=C(Br)C1=O,O=C1C=CC(=O)C=C1,Oxidized,GHHZELQYJPWSMG-UHFFFAOYSA-N,0.14,-0.027,-0.999
32,,CC(C)C1=C(Br)C(=O)C(C(C)C)=C(Br)C1=O,O=C1C=CC(=O)C=C1,Oxidized,MQUKWXCARHLALS-UHFFFAOYSA-N,0.16,-0.014,-0.977
33,"2,5-dibromo-3,6-diphenylcyclohexa-2,5-diene-1,4-dione",O=C1C(Br)=C(c2ccccc2)C(=O)C(Br)=C1c1ccccc1,O=C1C=CC(=O)C=C1,Oxidized,XVLOXELMPOZKBG-UHFFFAOYSA-N,0.44,0.107,-0.789
34,"2,5-dichloro-3,6-dimethoxycyclohexa-2,5-diene-1,4-dione",COC1=C(Cl)C(=O)C(OC)=C(Cl)C1=O,O=C1C=CC(=O)C=C1,Oxidized,JQVAMWPWHPTLNU-UHFFFAOYSA-N,-0.08,0.058,-0.786
35,"2,6-dibromo-3,5-dimethoxycyclohexa-2,5-diene-1,4-dione",COC1=C(Br)C(=O)C(Br)=C(OC)C1=O,O=C1C=CC(=O)C=C1,Oxidized,DVCAIDBJZFQCGL-UHFFFAOYSA-N,-0.08,0.049,-0.854
36,"2,5-diamino-3,6-dibromocyclohexa-2,5-diene-1,4-dione",NC1=C(Br)C(=O)C(N)=C(Br)C1=O,O=C1C=CC(=O)C=C1,Oxidized,NVCGMHKXXQRFFQ-UHFFFAOYSA-N,-0.86,-0.481,-1.131
37,,O=C1C(Br)=C(NC2CCCCC2)C(=O)C(Br)=C1NC1CCCCC1,O=C1C=CC(=O)C=C1,Oxidized,CCJAUXCTKRGFAR-UHFFFAOYSA-N,,-0.447,-1.078
38,"2,3,5-trichlorocyclohexa-2,5-diene-1,4-dione",O=C1C=C(Cl)C(=O)C(Cl)=C1Cl,O=C1C=CC(=O)C=C1,Oxidized,KSFNQTZBTVALRV-UHFFFAOYSA-N,0.69,0.28,-0.592
39,"2,3,5-tribromo-6-hexylcyclohexa-2,5-diene-1,4-dione",CCCCCCC1=C(Br)C(=O)C(Br)=C(Br)C1=O,O=C1C=CC(=O)C=C1,Oxidized,INIXPBSOWZRENK-UHFFFAOYSA-N,,0.201,-0.726
40,"2,3,5,6-tetrafluorocyclohexa-2,5-diene-1,4-dione",O=C1C(F)=C(F)C(=O)C(F)=C1F,O=C1C=CC(=O)C=C1,Oxidized,JKLYZOGJWVAIQS-UHFFFAOYSA-N,0.24,0.358,-0.608
41,"2,3,5,6-tetrachlorocyclohexa-2,5-diene-1,4-dione",O=C1C(Cl)=C(Cl)C(=O)C(Cl)=C1Cl,O=C1C=CC(=O)C=C1,Oxidized,UGNWTBMOAKPKBL-UHFFFAOYSA-N,0.92,0.343,-0.534
42,"2,3,5,6-tetrabromocyclohexa-2,5-diene-1,4-dione",O=C1C(Br)=C(Br)C(=O)C(Br)=C1Br,O=C1C=CC(=O)C=C1,Oxidized,LWHDQPLUIFIFFT-UHFFFAOYSA-N,0.92,0.344,-0.511
43,"2,3,5,6-tetraiodocyclohexa-2,5-diene-1,4-dione",O=C1C(I)=C(I)C(=O)C(I)=C1I,O=C1C=CC(=O)C=C1,Oxidized,YBGORPOETHYSFS-UHFFFAOYSA-N,0.72,0.283,-0.514
44,"2-methylcyclohexa-2,5-diene-1,4-dione",CC1=CC(=O)C=CC1=O,O=C1C=CC(=O)C=C1,Oxidized,VTWDKFNVVLAELH-UHFFFAOYSA-N,-0.17,-0.226,-1.03
45,"2-tert-butylcyclohexa-2,5-diene-1,4-dione",CC(C)(C)C1=CC(=O)C=CC1=O,O=C1C=CC(=O)C=C1,Oxidized,NCCTVAJNFXYWTM-UHFFFAOYSA-N,-0.2,-0.268,-1.013
46,"2-methyl-5-propan-2-ylcyclohexa-2,5-diene-1,4-dione",CC1=CC(=O)C(C(C)C)=CC1=O,O=C1C=CC(=O)C=C1,Oxidized,KEQHJBNSCLWCAE-UHFFFAOYSA-N,-0.32,-0.345,-1.059
47,"2-methyl-3,6-dinitro-5-propan-2-ylcyclohexa-2,5-diene-1,4-dione",CC1=C([N+](=O)[O-])C(=O)C(C(C)C)=C([N+](=O)[O-])C1=O,O=C1C=CC(=O)C=C1,Oxidized,BWPLCLCDBUABCR-UHFFFAOYSA-N,1.24,0.439,-0.515
48,,CC1=C(C(C)(C)c2ccccc2)C(=O)C=CC1=O,O=C1C=CC(=O)C=C1,Oxidized,HAMJMINKNMNULC-UHFFFAOYSA-N,,-0.357,
49,"2,3-dimethylcyclohexa-2,5-diene-1,4-dione",CC1=C(C)C(=O)C=CC1=O,O=C1C=CC(=O)C=C1,Oxidized,AIACLXROWHONEE-UHFFFAOYSA-N,-0.34,-0.303,-1.029
50,"2,5-dimethylcyclohexa-2,5-diene-1,4-dione",CC1=CC(=O)C(C)=CC1=O,O=C1C=CC(=O)C=C1,Oxidized,MYKLQMNSFPAPLZ-UHFFFAOYSA-N,-0.34,-0.311,-1.059
51,"2,6-dimethylcyclohexa-2,5-diene-1,4-dione",CC1=CC(=O)C=C(C)C1=O,O=C1C=CC(=O)C=C1,Oxidized,SENUUPBBLQWHMF-UHFFFAOYSA-N,-0.34,-0.307,-1.017
52,"2,3-dimethyl-5-(3-methylbut-2-enyl)cyclohexa-2,5-diene-1,4-dione",CC(C)=CCC1=CC(=O)C(C)=C(C)C1=O,O=C1C=CC(=O)C=C1,Oxidized,VBFJJMPOYIKNHB-UHFFFAOYSA-N,,-0.4,
53,,CCCCCCCCCCC(C)=CCCC(C)=CCCC(C)=CCCC(C)=CCCC(C)=CCCC(C)=CCCC(C)=CCCC(C)=CCCC(C)=CCC1=CC(=O)C(C)=C(C)C1=O,O=C1C=CC(=O)C=C1,Oxidized,CHRZDUAXNRBWLE-UHFFFAOYSA-N,,-0.379,
54,,CC(=O)OC(C)C1=CC(=O)C(C)=C(C)C1=O,O=C1C=CC(=O)C=C1,Oxidized,IYRMPRVLFUBSDU-UHFFFAOYSA-N,,-0.278,
55,,CC1=C(C)C(=O)C(C(C)C)=C(C(C)C)C1=O,O=C1C=CC(=O)C=C1,Oxidized,ODBUUNYOINCXHI-UHFFFAOYSA-N,-0.64,-0.445,
56,"5,6-dimethyl-1,3-benzodioxole-4,7-dione",CC1=C(C)C(=O)C2=C(OCO2)C1=O,O=C1C=CC(=O)C=C1,Oxidized,SSNZMKONSOUKFJ-UHFFFAOYSA-N,,-0.217,-1.019
57,"2,5-ditert-butylcyclohexa-2,5-diene-1,4-dione",CC(C)(C)C1=CC(=O)C(C(C)(C)C)=CC1=O,O=C1C=CC(=O)C=C1,Oxidized,ZZYASVWWDLJXIM-UHFFFAOYSA-N,-0.4,-0.341,-1.2
58,"2,6-ditert-butylcyclohexa-2,5-diene-1,4-dione",CC(C)(C)C1=CC(=O)C=C(C(C)(C)C)C1=O,O=C1C=CC(=O)C=C1,Oxidized,RDQSIADLBQFVMY-UHFFFAOYSA-N,-0.4,-0.35,-1.123
59,"2,6-di(propan-2-yl)cyclohexa-2,5-diene-1,4-dione",CC(C)C1=CC(=O)C=C(C(C)C)C1=O,O=C1C=CC(=O)C=C1,Oxidized,DDXYWFGBQZICBD-UHFFFAOYSA-N,-0.3,-0.315,-1.114
60,,CCCCCC(C)CC1=CC(=O)C(CC(C)CCCCC)=CC1=O,O=C1C=CC(=O)C=C1,Oxidized,LZCHNENFGWDYQL-UHFFFAOYSA-N,,-0.409,
61,"2,3,5-trimethylcyclohexa-2,5-diene-1,4-dione",CC1=CC(=O)C(C)=C(C)C1=O,O=C1C=CC(=O)C=C1,Oxidized,QIXDHVDGPXBRRD-UHFFFAOYSA-N,-0.51,-0.392,-1.153
62,"2,3,5-trimethyl-6-(3,7,11,15-tetramethylhexadecyl)cyclohexa-2,5-diene-1,4-dione",CC1=C(C)C(=O)C(CCC(C)CCCC(C)CCCC(C)CCCC(C)C)=C(C)C1=O,O=C1C=CC(=O)C=C1,Oxidized,PXMRUFUVYOGJJN-UHFFFAOYSA-N,,-0.498,-1.15
63,,CCC(=O)C1=C(C)C(=O)C(C)=C(C)C1=O,O=C1C=CC(=O)C=C1,Oxidized,GCRKFGPIWBJIMC-UHFFFAOYSA-N,-0.58,-0.26,
64,"3-(2,4,5-trimethyl-3,6-dioxocyclohexa-1,4-dien-1-yl)sulfanylpropanoic acid",CC1=C(C)C(=O)C(SCCC(=O)O)=C(C)C1=O,O=C1C=CC(=O)C=C1,Oxidized,XCUBPAHMWSOZGI-UHFFFAOYSA-N,,-0.231,
65,"2,3,5,6-tetramethylcyclohexa-2,5-diene-1,4-dione",CC1=C(C)C(=O)C(C)=C(C)C1=O,O=C1C=CC(=O)C=C1,Oxidized,WAMKWBHYPYBEJY-UHFFFAOYSA-N,-0.68,-0.511,-1.182
66,"2,3,5,6-tetra(propan-2-yl)cyclohexa-2,5-diene-1,4-dione",CC(C)C1=C(C(C)C)C(=O)C(C(C)C)=C(C(C)C)C1=O,O=C1C=CC(=O)C=C1,Oxidized,HFHUJFKXRFTENQ-UHFFFAOYSA-N,-0.6,-0.57,
67,,CC1(C)C=CC(C)(C)C2=C1C(=O)C1=C(C2=O)C(C)(C)C=CC1(C)C,O=C1C=CC(=O)C=C1,Oxidized,LOUOFNSACADCCB-UHFFFAOYSA-N,,-0.442,
68,"2-acetylcyclohexa-2,5-diene-1,4-dione",CC(=O)C1=CC(=O)C=CC1=O,O=C1C=CC(=O)C=C1,Oxidized,WWHDFTWNMBCRIK-UHFFFAOYSA-N,0.5,0.062,
69,"2-acetyl-3-methylcyclohexa-2,5-diene-1,4-dione",CC(=O)C1=C(C)C(=O)C=CC1=O,O=C1C=CC(=O)C=C1,Oxidized,XJTSVXRGMORBED-UHFFFAOYSA-N,0.33,-0.109,
70,"2-acetyl-5-methylcyclohexa-2,5-diene-1,4-dione",CC(=O)C1=CC(=O)C(C)=CC1=O,O=C1C=CC(=O)C=C1,Oxidized,URSFJLDSNPOWJM-UHFFFAOYSA-N,0.33,0.00599999999999998,-0.816
71,"2-acetyl-6-methylcyclohexa-2,5-diene-1,4-dione",CC(=O)C1=CC(=O)C=C(C)C1=O,O=C1C=CC(=O)C=C1,Oxidized,YGDXREYXPNELOM-UHFFFAOYSA-N,0.33,-0.014,
72,"2-acetyl-3-chlorocyclohexa-2,5-diene-1,4-dione",CC(=O)C1=C(Cl)C(=O)C=CC1=O,O=C1C=CC(=O)C=C1,Oxidized,ZLURBXQNDDALMZ-UHFFFAOYSA-N,0.73,0.133,-0.568
73,"2-(2,2-dimethylpropanoyl)cyclohexa-2,5-diene-1,4-dione",CC(C)(C)C(=O)C1=CC(=O)C=CC1=O,O=C1C=CC(=O)C=C1,Oxidized,KUROQKZLLNHCDN-UHFFFAOYSA-N,0.32,-0.046,-0.876
74,"2-phenylcyclohexa-2,5-diene-1,4-dione",O=C1C=CC(=O)C(c2ccccc2)=C1,O=C1C=CC(=O)C=C1,Oxidized,RLQZIECDMISZHS-UHFFFAOYSA-N,-0.01,-0.152,-0.906
75,"2,3-diphenylcyclohexa-2,5-diene-1,4-dione",O=C1C=CC(=O)C(c2ccccc2)=C1c1ccccc1,O=C1C=CC(=O)C=C1,Oxidized,MVWPVABZQQJTPL-UHFFFAOYSA-N,-0.02,-0.197,-0.906
76,"2,5-diphenylcyclohexa-2,5-diene-1,4-dione",O=C1C=C(c2ccccc2)C(=O)C=C1c1ccccc1,O=C1C=CC(=O)C=C1,Oxidized,QYXHDJJYVDLECA-UHFFFAOYSA-N,-0.02,-0.138,-0.906
77,"2-(phenoxymethyl)cyclohexa-2,5-diene-1,4-dione",O=C1C=CC(=O)C(COc2ccccc2)=C1,O=C1C=CC(=O)C=C1,Oxidized,SWNCJNQLRHPSSP-UHFFFAOYSA-N,0.07,-0.132,
78,"2-(benzenesulfonyl)cyclohexa-2,5-diene-1,4-dione",O=C1C=CC(=O)C(S(=O)(=O)c2ccccc2)=C1,O=C1C=CC(=O)C=C1,Oxidized,YLBZMPDRRGZQEN-UHFFFAOYSA-N,0.7,0.2,
79,"2-acetyl-3-(benzenesulfonyl)cyclohexa-2,5-diene-1,4-dione",CC(=O)C1=C(S(=O)(=O)c2ccccc2)C(=O)C=CC1=O,O=C1C=CC(=O)C=C1,Oxidized,PMSUIBYDBQTRER-UHFFFAOYSA-N,1.2,0.19,-0.504
80,"2-(benzenesulfonyl)-3-(2,2-dimethylpropanoyl)cyclohexa-2,5-diene-1,4-dione",CC(C)(C)C(=O)C1=C(S(=O)(=O)c2ccccc2)C(=O)C=CC1=O,O=C1C=CC(=O)C=C1,Oxidized,OXOABZSZLXJFBJ-UHFFFAOYSA-N,1.02,0.199,-0.512
81,"2-(benzenesulfonyl)-3-benzoylcyclohexa-2,5-diene-1,4-dione",O=C1C=CC(=O)C(S(=O)(=O)c2ccccc2)=C1C(=O)c1ccccc1,O=C1C=CC(=O)C=C1,Oxidized,DKCCJTHPUFMNRK-UHFFFAOYSA-N,0.83,0.182,-0.487
82,"5-(benzenesulfonyl)-2,3-dimethylcyclohexa-2,5-diene-1,4-dione",CC1=C(C)C(=O)C(S(=O)(=O)c2ccccc2)=CC1=O,O=C1C=CC(=O)C=C1,Oxidized,GRUDZULCJRKSIM-UHFFFAOYSA-N,0.26,0.093,-0.786
83,"2-(benzenesulfonyl)-3,5,6-trimethylcyclohexa-2,5-diene-1,4-dione",CC1=C(C)C(=O)C(S(=O)(=O)c2ccccc2)=C(C)C1=O,O=C1C=CC(=O)C=C1,Oxidized,BYBNIWNVTXTSAG-UHFFFAOYSA-N,0.19,-0.078,-0.797
84,"2,5-bis(benzenesulfonyl)cyclohexa-2,5-diene-1,4-dione",O=C1C=C(S(=O)(=O)c2ccccc2)C(=O)C=C1S(=O)(=O)c1ccccc1,O=C1C=CC(=O)C=C1,Oxidized,JFJJCZGBHIPWHI-UHFFFAOYSA-N,1.4,0.488,
85,"2,5-bis(benzenesulfonyl)-3,6-dimethylcyclohexa-2,5-diene-1,4-dione",CC1=C(S(=O)(=O)c2ccccc2)C(=O)C(C)=C(S(=O)(=O)c2ccccc2)C1=O,O=C1C=CC(=O)C=C1,Oxidized,LOSSYAPMSFJCGY-UHFFFAOYSA-N,0.36,0.236,
86,"2,6-bis(benzenesulfonyl)-3,5-dimethylcyclohexa-2,5-diene-1,4-dione",CC1=C(S(=O)(=O)c2ccccc2)C(=O)C(S(=O)(=O)c2ccccc2)=C(C)C1=O,O=C1C=CC(=O)C=C1,Oxidized,VXIURLOITPTGDS-UHFFFAOYSA-N,0.36,0.223,-0.562
87,"2-(trifluoromethyl)cyclohexa-2,5-diene-1,4-dione",O=C1C=CC(=O)C(C(F)(F)F)=C1,O=C1C=CC(=O)C=C1,Oxidized,IFNVAFSTWNJVTQ-UHFFFAOYSA-N,0.54,0.145,-0.77
88,"2-benzoylcyclohexa-2,5-diene-1,4-dione",O=C1C=CC(=O)C(C(=O)c2ccccc2)=C1,O=C1C=CC(=O)C=C1,Oxidized,XASGEXXLAQFTQE-UHFFFAOYSA-N,0.13,0.017,-0.778
89,"2-(2-methylbenzoyl)cyclohexa-2,5-diene-1,4-dione",Cc1ccccc1C(=O)C1=CC(=O)C=CC1=O,O=C1C=CC(=O)C=C1,Oxidized,ZJPHOXFMNTZOGZ-UHFFFAOYSA-N,,0.033,-0.778
90,,Cc1cccc(C)c1C(=O)C1=CC(=O)C=CC1=O,O=C1C=CC(=O)C=C1,Oxidized,NVGKESZOGLDWQL-UHFFFAOYSA-N,,0.093,-0.709
91,,CC1=C(C(=O)c2ccccc2)C(=O)C=CC1=O,O=C1C=CC(=O)C=C1,Oxidized,SWQOHVSZZRIEFO-UHFFFAOYSA-N,-0.04,-0.091,-0.849
92,,CC1=CC(=O)C(C(=O)c2ccccc2)=CC1=O,O=C1C=CC(=O)C=C1,Oxidized,KVYBTWYCFBKCLF-UHFFFAOYSA-N,-0.04,-0.053,
93,,CC1=C(C(=O)c2ccccc2C)C(=O)C=CC1=O,O=C1C=CC(=O)C=C1,Oxidized,PWASERSXWVDLDK-UHFFFAOYSA-N,,-0.12,-0.855
94,"2-methoxycyclohexa-2,5-diene-1,4-dione",COC1=CC(=O)C=CC1=O,O=C1C=CC(=O)C=C1,Oxidized,ZJKWJHONFFKJHG-UHFFFAOYSA-N,-0.27,-0.269,-0.973
95,"2-methoxy-3-methylcyclohexa-2,5-diene-1,4-dione",COC1=C(C)C(=O)C=CC1=O,O=C1C=CC(=O)C=C1,Oxidized,BVXDGJNEZSLRCV-UHFFFAOYSA-N,-0.44,-0.268,-0.944
96,"2,3-dimethoxycyclohexa-2,5-diene-1,4-dione",COC1=C(OC)C(=O)C=CC1=O,O=C1C=CC(=O)C=C1,Oxidized,NADHCXOXVRHBHC-UHFFFAOYSA-N,-0.54,-0.218,-0.944
97,"2,5-dimethoxycyclohexa-2,5-diene-1,4-dione",COC1=CC(=O)C(OC)=CC1=O,O=C1C=CC(=O)C=C1,Oxidized,RMMPZDDLWLALLJ-UHFFFAOYSA-N,-0.71,-0.43,-1.042
98,"2,6-dimethoxycyclohexa-2,5-diene-1,4-dione",COC1=CC(=O)C=C(OC)C1=O,O=C1C=CC(=O)C=C1,Oxidized,OLBNOBQOQZRLMP-UHFFFAOYSA-N,-0.54,-0.388,-1.042
99,"2,3-dimethoxy-5-methylcyclohexa-2,5-diene-1,4-dione",COC1=C(OC)C(=O)C(C)=CC1=O,O=C1C=CC(=O)C=C1,Oxidized,UIXPTCZPFCVOQF-UHFFFAOYSA-N,-0.71,-0.299,-1.01
100,"2,3-dibromo-5,6-dimethoxycyclohexa-2,5-diene-1,4-dione",COC1=C(OC)C(=O)C(Br)=C(Br)C1=O,O=C1C=CC(=O)C=C1,Oxidized,XZFRYZRLHDJATK-UHFFFAOYSA-N,-0.08,0.028,-0.73
101,"2,3-dimethoxy-5,6-dimethylcyclohexa-2,5-diene-1,4-dione",COC1=C(OC)C(=O)C(C)=C(C)C1=O,O=C1C=CC(=O)C=C1,Oxidized,NOYQJVWDVBANHI-UHFFFAOYSA-N,,-0.405,-1.063
102,"2-decyl-5,6-dimethoxy-3-methylcyclohexa-2,5-diene-1,4-dione",CCCCCCCCCCC1=C(C)C(=O)C(OC)=C(OC)C1=O,O=C1C=CC(=O)C=C1,Oxidized,VMEGFMNVSYVVOM-UHFFFAOYSA-N,,-0.382,
103,"2,3-dimethoxy-5-methyl-6-(3-methylbut-2-enyl)cyclohexa-2,5-diene-1,4-dione",COC1=C(OC)C(=O)C(CC=C(C)C)=C(C)C1=O,O=C1C=CC(=O)C=C1,Oxidized,SOECUQMRSRVZQQ-UHFFFAOYSA-N,,-0.371,
104,,CCCCC(C)=CCCC(C)=CCCC(C)=CCC1=C(C)C(=O)C(OC)=C(OC)C1=O,O=C1C=CC(=O)C=C1,Oxidized,LOCDFJJVYRQHIP-UHFFFAOYSA-N,,-0.371,
105,,CCCCCCCCCCCC(C)=CCCC(C)=CCCC(C)=CCCC(C)=CCCC(C)=CCCC(C)=CCCC(C)=CCCC(C)=CCCC(C)=CCCC(C)=CCC1=C(C)C(=O)C(OC)=C(OC)C1=O,O=C1C=CC(=O)C=C1,Oxidized,DKAIGIIDGKQQRC-UHFFFAOYSA-N,,-0.362,
106,,CCCCCCCCCCCC(C)=CCCC(C)=CCCC(C)=CCCC(C)=CCCC(C)=CCCC(C)=CCCC(C)=CCCC(C)=CCCC(C)=CCCC(C)=CCC1=C(C)C(=O)C(N)=C(OC)C1=O,O=C1C=CC(=O)C=C1,Oxidized,QAJKKTXIDCMMKD-UHFFFAOYSA-N,,-0.526,
107,"2-(1-hydroxyethyl)cyclohexa-2,5-diene-1,4-dione",CC(O)C1=CC(=O)C=CC1=O,O=C1C=CC(=O)C=C1,Oxidized,MFFSFWWLAJYNJA-UHFFFAOYSA-N,-0.07,-0.201,-0.868
108,"methyl 3,6-dioxocyclohexa-1,4-diene-1-carboxylate",COC(=O)C1=CC(=O)C=CC1=O,O=C1C=CC(=O)C=C1,Oxidized,LSFYMYHEOPWITI-UHFFFAOYSA-N,0.45,0.044,-0.804
109,"methyl 2-(benzenesulfonyl)-3,6-dioxocyclohexa-1,4-diene-1-carboxylate",COC(=O)C1=C(S(=O)(=O)c2ccccc2)C(=O)C=CC1=O,O=C1C=CC(=O)C=C1,Oxidized,LJHQKUPLXRRRKV-UHFFFAOYSA-N,1.15,0.34,-0.507
110,"dimethyl 3,6-dioxocyclohexa-1,4-diene-1,4-dicarboxylate",COC(=O)C1=CC(=O)C(C(=O)OC)=CC1=O,O=C1C=CC(=O)C=C1,Oxidized,GKPFFRNBFZCNNY-UHFFFAOYSA-N,0.9,0.208,
111,"2-(2-nitrophenyl)cyclohexa-2,5-diene-1,4-dione",O=C1C=CC(=O)C(c2ccccc2[N+](=O)[O-])=C1,O=C1C=CC(=O)C=C1,Oxidized,ARIXMRYIRAVZJZ-UHFFFAOYSA-N,-0.17,-0.071,-0.908
112,"2,5-bis(ethylamino)cyclohexa-2,5-diene-1,4-dione",CCNC1=CC(=O)C(NCC)=CC1=O,O=C1C=CC(=O)C=C1,Oxidized,NEIWVIAXZGCRGM-UHFFFAOYSA-N,-1.22,-0.837,-1.434
113,,CNC(=O)CNC1=C(Cl)C(=O)C(NCC(=O)NC)=C(Cl)C1=O,O=C1C=CC(=O)C=C1,Oxidized,ACLCLIGBRSBXTQ-UHFFFAOYSA-N,,-0.408,
114,"2-phenylsulfanylcyclohexa-2,5-diene-1,4-dione",O=C1C=CC(=O)C(Sc2ccccc2)=C1,O=C1C=CC(=O)C=C1,Oxidized,JRXZLRYQEYLRQH-UHFFFAOYSA-N,0.02,-0.125,-0.907
115,,CC(C)SC1=CC(=O)C(C(C)(C)C)=CC1=O,O=C1C=CC(=O)C=C1,Oxidized,DXMVCVBAGQINCN-UHFFFAOYSA-N,-0.13,-0.284,-1.001
116,,CC(C)NC1=CC(=O)C=C(C(C)(C)C)C1=O,O=C1C=CC(=O)C=C1,Oxidized,MQDRVWGAAOYOSH-UHFFFAOYSA-N,,-0.536,-1.288
117,"2-tert-butyl-5-(tert-butylamino)cyclohexa-2,5-diene-1,4-dione",CC(C)(C)NC1=CC(=O)C(C(C)(C)C)=CC1=O,O=C1C=CC(=O)C=C1,Oxidized,FWHWXLRJORQPOE-UHFFFAOYSA-N,,-0.5,-1.178
118,,CC(C)(C)NC1=CC(=O)C=C(C(C)(C)C)C1=O,O=C1C=CC(=O)C=C1,Oxidized,GQAFZRNWICELEN-UHFFFAOYSA-N,,-0.506,-1.209
119,"2,5-bis(tert-butylamino)cyclohexa-2,5-diene-1,4-dione",CC(C)(C)NC1=CC(=O)C(NC(C)(C)C)=CC1=O,O=C1C=CC(=O)C=C1,Oxidized,GLCXOMBYQZLZLN-UHFFFAOYSA-N,,-0.836,-1.374
120,"2-hydroxy-3-methylcyclohexa-2,5-diene-1,4-dione",CC1=C(O)C(=O)C=CC1=O,O=C1C=CC(=O)C=C1,Oxidized,CGINXMWZYDKDBX-UHFFFAOYSA-N,-0.54,-0.15,-1.17
121,,CC1=C(O)C(=O)C(Br)=C(Br)C1=O,O=C1C=CC(=O)C=C1,Oxidized,QDQOHORNDSKVCP-UHFFFAOYSA-N,-0.08,0.084,-0.82
122,,CCCCCCCCCCCC1=C(C)C(=O)C(O)=C(C)C1=O,O=C1C=CC(=O)C=C1,Oxidized,NAZRGOAVFFRBMX-UHFFFAOYSA-N,,-0.294,-1.174
123,"2,5-dihydroxycyclohexa-2,5-diene-1,4-dione",O=C1C=C(O)C(=O)C=C1O,O=C1C=CC(=O)C=C1,Oxidized,QFSYADJLNBHAKO-UHFFFAOYSA-N,-0.74,-0.142,
124,"2,5-dichloro-3,6-dihydroxycyclohexa-2,5-diene-1,4-dione",O=C1C(O)=C(Cl)C(=O)C(O)=C1Cl,O=C1C=CC(=O)C=C1,Oxidized,IPPWILKGXFOXHO-UHFFFAOYSA-N,-0.28,0.096,
125,"2,5-di(piperidin-1-yl)cyclohexa-2,5-diene-1,4-dione",O=C1C=C(N2CCCCC2)C(=O)C=C1N1CCCCC1,O=C1C=CC(=O)C=C1,Oxidized,WFIDDRHNWGUXPL-UHFFFAOYSA-N,-0.24,-0.665,-1.103
126,"2-(1H-indol-3-yl)cyclohexa-2,5-diene-1,4-dione",O=C1C=CC(=O)C(c2c[nH]c3ccccc23)=C1,O=C1C=CC(=O)C=C1,Oxidized,ICZJGNYKRWKFLC-UHFFFAOYSA-N,,-0.235,-0.76
127,"methyl 2-chloro-3,6-dioxocyclohexa-1,4-diene-1-carboxylate",COC(=O)C1=C(Cl)C(=O)C=CC1=O,O=C1C=CC(=O)C=C1,Oxidized,CEGUEXXETGSIOP-UHFFFAOYSA-N,0.78,0.18,-0.481
128,,COC(=O)C1=C(Cl)C(=O)C=C(Cl)C1=O,O=C1C=CC(=O)C=C1,Oxidized,XPOLZZCITCVWHQ-UHFFFAOYSA-N,1.11,0.333,-0.407
129,"anthracene-9,10-dione",O=C1c2ccccc2C(=O)c2ccccc21,O=C1c2ccccc2C(=O)c2ccccc21,Oxidized,RZVHIXYEVGDQDX-UHFFFAOYSA-N,0.0,-0.591,-1.203
130,"1-chloroanthracene-9,10-dione",O=C1c2ccccc2C(=O)c2c(Cl)cccc21,O=C1c2ccccc2C(=O)c2ccccc21,Oxidized,BOCJQSFSGAZAPQ-UHFFFAOYSA-N,0.23,-0.506,-1.207
131,"2-chloroanthracene-9,10-dione",O=C1c2ccccc2C(=O)c2cc(Cl)ccc21,O=C1c2ccccc2C(=O)c2ccccc21,Oxidized,FPKCTSIVDAWGFA-UHFFFAOYSA-N,0.23,-0.492,-1.212
132,"2-iodoanthracene-9,10-dione",O=C1c2ccccc2C(=O)c2cc(I)ccc21,O=C1c2ccccc2C(=O)c2ccccc21,Oxidized,BMQVXGRNMAVAEK-UHFFFAOYSA-N,0.18,-0.46,-1.261
133,"2-bromo-3-methylanthracene-9,10-dione",Cc1cc2c(cc1Br)C(=O)c1ccccc1C2=O,O=C1c2ccccc2C(=O)c2ccccc21,Oxidized,IXIDAURFOMZGCN-UHFFFAOYSA-N,0.06,-0.524,-1.195
134,"1,5-dichloroanthracene-9,10-dione",O=C1c2cccc(Cl)c2C(=O)c2cccc(Cl)c21,O=C1c2ccccc2C(=O)c2ccccc21,Oxidized,MQIUMARJCOGCIM-UHFFFAOYSA-N,0.46,-0.479,-1.204
135,"1,8-dichloroanthracene-9,10-dione",O=C1c2cccc(Cl)c2C(=O)c2c(Cl)cccc21,O=C1c2ccccc2C(=O)c2ccccc21,Oxidized,VBQNYYXVDQUKIU-UHFFFAOYSA-N,0.46,-0.477,-1.205
136,"1-methylanthracene-9,10-dione",Cc1cccc2c1C(=O)c1ccccc1C2=O,O=C1c2ccccc2C(=O)c2ccccc21,Oxidized,RBGUKBSLNOTVCD-UHFFFAOYSA-N,-0.17,-0.627,-1.254
137,"2-methylanthracene-9,10-dione",Cc1ccc2c(c1)C(=O)c1ccccc1C2=O,O=C1c2ccccc2C(=O)c2ccccc21,Oxidized,NJWGQARXZDRHCD-UHFFFAOYSA-N,-0.17,-0.613,-1.23
138,"2-ethylanthracene-9,10-dione",CCc1ccc2c(c1)C(=O)c1ccccc1C2=O,O=C1c2ccccc2C(=O)c2ccccc21,Oxidized,SJEBAWHUJDUKQK-UHFFFAOYSA-N,-0.15,-0.609,-1.247
139,"2-tert-butylanthracene-9,10-dione",CC(C)(C)c1ccc2c(c1)C(=O)c1ccccc1C2=O,O=C1c2ccccc2C(=O)c2ccccc21,Oxidized,YTPSFXZMJKMUJE-UHFFFAOYSA-N,-0.2,-0.612,-1.23
140,"1,4-dimethylanthracene-9,10-dione",Cc1ccc(C)c2c1C(=O)c1ccccc1C2=O,O=C1c2ccccc2C(=O)c2ccccc21,Oxidized,DVFAVJDEPNXAME-UHFFFAOYSA-N,-0.34,-0.704,-1.349
141,"1,8-dimethylanthracene-9,10-dione",Cc1cccc2c1C(=O)c1c(C)cccc1C2=O,O=C1c2ccccc2C(=O)c2ccccc21,Oxidized,ADIAGCFLXOGDPN-UHFFFAOYSA-N,-0.34,-0.724,-1.318
142,"2,3-dimethylanthracene-9,10-dione",Cc1cc2c(cc1C)C(=O)c1ccccc1C2=O,O=C1c2ccccc2C(=O)c2ccccc21,Oxidized,KIJPZYXCIHZVGP-UHFFFAOYSA-N,-0.34,-0.645,-1.34
143,"2,7-dimethylanthracene-9,10-dione",Cc1ccc2c(c1)C(=O)c1cc(C)ccc1C2=O,O=C1c2ccccc2C(=O)c2ccccc21,Oxidized,RATJDSXPVPAWJJ-UHFFFAOYSA-N,-0.34,-0.657,-1.246
144,"1,3,5,7-tetramethylanthracene-9,10-dione",Cc1cc(C)c2c(c1)C(=O)c1c(C)cc(C)cc1C2=O,O=C1c2ccccc2C(=O)c2ccccc21,Oxidized,ISQFYHBWKRJRKI-UHFFFAOYSA-N,-0.68,-0.769,-1.434
145,"2,3,6,7-tetramethylanthracene-9,10-dione",Cc1cc2c(cc1C)C(=O)c1cc(C)c(C)cc1C2=O,O=C1c2ccccc2C(=O)c2ccccc21,Oxidized,LNJCOQUDICPRSI-UHFFFAOYSA-N,-0.68,-0.721,-1.27
146,"benzo[a]anthracene-7,12-dione",C1=CC=C2C(=C1)C=CC3=C2C(=O)C4=CC=CC=C4C3=O,O=C1c2ccccc2C(=O)c2ccccc22,Oxidized,LHMRXAIRPKSGDE-UHFFFAOYSA-N,,-0.432,-1.115
147,"1-methoxyanthracene-9,10-dione",COc1cccc2c1C(=O)c1ccccc1C2=O,O=C1c2ccccc2C(=O)c2ccccc21,Oxidized,CQGDBBBZCJYDRY-UHFFFAOYSA-N,-0.27,-0.66,-1.178
148,"2-methoxyanthracene-9,10-dione",COc1ccc2c(c1)C(=O)c1ccccc1C2=O,O=C1c2ccccc2C(=O)c2ccccc21,Oxidized,APLQXUAECQNQFE-UHFFFAOYSA-N,-0.27,-0.63,-1.222
149,"1,4-dimethoxyanthracene-9,10-dione",COc1ccc(OC)c2c1C(=O)c1ccccc1C2=O,O=C1c2ccccc2C(=O)c2ccccc21,Oxidized,HWHFKYJAAJPFQF-UHFFFAOYSA-N,-0.54,-0.712,
150,"1,5-dimethoxyanthracene-9,10-dione",COc1cccc2c1C(=O)c1cccc(OC)c1C2=O,O=C1c2ccccc2C(=O)c2ccccc21,Oxidized,PEUAYWBFWSCPHA-UHFFFAOYSA-N,-0.54,-0.716,
151,"2,6-dimethoxyanthracene-9,10-dione",COc1ccc2c(c1)C(=O)c1ccc(OC)cc1C2=O,O=C1c2ccccc2C(=O)c2ccccc21,Oxidized,VZXGMACDZPAQOP-UHFFFAOYSA-N,-0.54,-0.664,-1.25
152,"2,7-dimethoxyanthracene-9,10-dione",COc1ccc2c(c1)C(=O)c1cc(OC)ccc1C2=O,O=C1c2ccccc2C(=O)c2ccccc21,Oxidized,WROSJLWBFOKJMJ-UHFFFAOYSA-N,-0.54,-0.634,-1.187
153,"(9,10-dioxoanthracen-1-yl) acetate",CC(=O)Oc1cccc2c1C(=O)c1ccccc1C2=O,O=C1c2ccccc2C(=O)c2ccccc21,Oxidized,CSWLPXALBXLJPS-UHFFFAOYSA-N,0.31,-0.532,-0.978
154,"(9,10-dioxoanthracen-2-yl) acetate",CC(=O)Oc1ccc2c(c1)C(=O)c1ccccc1C2=O,O=C1c2ccccc2C(=O)c2ccccc21,Oxidized,FGKGRDOTGFSFDX-UHFFFAOYSA-N,0.31,-0.528,-1.17
155,"(4-acetyloxy-9,10-dioxoanthracen-1-yl) acetate",CC(=O)Oc1ccc(OC(C)=O)c2c1C(=O)c1ccccc1C2=O,O=C1c2ccccc2C(=O)c2ccccc21,Oxidized,RLHYRFVLZOSXDH-UHFFFAOYSA-N,0.62,-0.488,-0.957
156,"(8-acetyloxy-9,10-dioxoanthracen-1-yl) acetate",CC(=O)Oc1cccc2c1C(=O)c1c(OC(C)=O)cccc1C2=O,O=C1c2ccccc2C(=O)c2ccccc21,Oxidized,BDYRYAFJCKWMGQ-UHFFFAOYSA-N,0.62,-0.483,-0.888
157,"(6-acetyloxy-9,10-dioxoanthracen-2-yl) acetate",CC(=O)Oc1ccc2c(c1)C(=O)c1ccc(OC(C)=O)cc1C2=O,O=C1c2ccccc2C(=O)c2ccccc21,Oxidized,BHWZEQPVLJDOIW-UHFFFAOYSA-N,0.62,-0.502,-1.14
158,"(7-acetyloxy-9,10-dioxoanthracen-2-yl) acetate",CC(=O)Oc1ccc2c(c1)C(=O)c1cc(OC(C)=O)ccc1C2=O,O=C1c2ccccc2C(=O)c2ccccc21,Oxidized,NJEMZDFYJHNUNV-UHFFFAOYSA-N,0.62,-0.486,-1.14
159,,COc1ccccc1Oc1cccc2c1C(=O)c1ccccc1C2=O,O=C1c2ccccc2C(=O)c2ccccc21,Oxidized,CNYOBAYAYCGYBZ-UHFFFAOYSA-N,,-0.559,-1.209
160,"1-aminoanthracene-9,10-dione",Nc1cccc2c1C(=O)c1ccccc1C2=O,O=C1c2ccccc2C(=O)c2ccccc21,Oxidized,KHUFHLFHOQVFGB-UHFFFAOYSA-N,-0.66,-0.702,-1.361
161,"2-aminoanthracene-9,10-dione",Nc1ccc2c(c1)C(=O)c1ccccc1C2=O,O=C1c2ccccc2C(=O)c2ccccc21,Oxidized,XOGPDSATLSAZEK-UHFFFAOYSA-N,-0.66,-0.779,
162,"1-amino-5-chloroanthracene-9,10-dione",Nc1cccc2c1C(=O)c1cccc(Cl)c1C2=O,O=C1c2ccccc2C(=O)c2ccccc21,Oxidized,QIHMGEKACAOTPE-UHFFFAOYSA-N,-0.43,-0.626,-1.255
163,"1-amino-8-chloroanthracene-9,10-dione",Nc1cccc2c1C(=O)c1c(Cl)cccc1C2=O,O=C1c2ccccc2C(=O)c2ccccc21,Oxidized,JMNNJCADZZBEOW-UHFFFAOYSA-N,-0.43,-0.625,-1.259
164,"1-amino-2-methylanthracene-9,10-dione",Cc1ccc2c(c1N)C(=O)c1ccccc1C2=O,O=C1c2ccccc2C(=O)c2ccccc21,Oxidized,ZLCUIOWQYBYEBG-UHFFFAOYSA-N,-0.83,-0.731,
165,"1-amino-5-methoxyanthracene-9,10-dione",COc1cccc2c1C(=O)c1cccc(N)c1C2=O,O=C1c2ccccc2C(=O)c2ccccc21,Oxidized,XIIKBXBGOHXWMO-UHFFFAOYSA-N,-0.93,-0.743,-1.243
166,"1-amino-4-(methylamino)anthracene-9,10-dione",CNc1ccc(N)c2c1C(=O)c1ccccc1C2=O,O=C1c2ccccc2C(=O)c2ccccc21,Oxidized,ICVRBKCRXNVOJC-UHFFFAOYSA-N,-1.5,-0.83,-1.318
167,"1-amino-9,10-dioxoanthracene-2-sulfonic acid",Nc1c(S(=O)(=O)O)ccc2c1C(=O)c1ccccc1C2=O,O=C1c2ccccc2C(=O)c2ccccc21,Oxidized,PZSHANOBYYVNEX-UHFFFAOYSA-N,,-0.247,-0.681
168,"1-amino-6,7-dichloroanthracene-9,10-dione",Nc1cccc2c1C(=O)c1cc(Cl)c(Cl)cc1C2=O,O=C1c2ccccc2C(=O)c2ccccc21,Oxidized,YFEHGCGWUWOAFA-UHFFFAOYSA-N,-0.2,-0.532,-1.144
169,"1-amino-2,4-dibromoanthracene-9,10-dione",Nc1c(Br)cc(Br)c2c1C(=O)c1ccccc1C2=O,O=C1c2ccccc2C(=O)c2ccccc21,Oxidized,ZINRVIQBCHAZMM-UHFFFAOYSA-N,-0.2,-0.514,
170,"2-amino-3-bromo-1-chloroanthracene-9,10-dione",Nc1c(Br)cc2c(c1Cl)C(=O)c1ccccc1C2=O,O=C1c2ccccc2C(=O)c2ccccc21,Oxidized,HVYZVBOJHSFHEG-UHFFFAOYSA-N,-0.2,-0.629,-1.307
171,"2-amino-1-bromo-3-chloroanthracene-9,10-dione",Nc1c(Cl)cc2c(c1Br)C(=O)c1ccccc1C2=O,O=C1c2ccccc2C(=O)c2ccccc21,Oxidized,ZFWJIKSKKWACEX-UHFFFAOYSA-N,-0.2,-0.632,-1.278
172,"1-amino-4-chloro-2-methylanthracene-9,10-dione",Cc1cc(Cl)c2c(c1N)C(=O)c1ccccc1C2=O,O=C1c2ccccc2C(=O)c2ccccc21,Oxidized,XHWWVXZEALFXQA-UHFFFAOYSA-N,-0.6,-0.69,-1.289
173,"1-amino-4-bromo-9,10-dioxoanthracene-2-sulfonic acid",Nc1c(S(=O)(=O)O)cc(Br)c2c1C(=O)c1ccccc1C2=O,O=C1c2ccccc2C(=O)c2ccccc21,Oxidized,QZZSAWGVHXXMID-UHFFFAOYSA-N,,-0.595,-1.246
174,"1,2-diaminoanthracene-9,10-dione",Nc1ccc2c(c1N)C(=O)c1ccccc1C2=O,O=C1c2ccccc2C(=O)c2ccccc21,Oxidized,LRMDXTVKVHKWEK-UHFFFAOYSA-N,-1.32,-0.916,-1.431
175,"1,4-diaminoanthracene-9,10-dione",Nc1ccc(N)c2c1C(=O)c1ccccc1C2=O,O=C1c2ccccc2C(=O)c2ccccc21,Oxidized,FBMQNRKSAWNXBT-UHFFFAOYSA-N,-1.32,-0.872,-1.365
176,"1,5-diaminoanthracene-9,10-dione",Nc1cccc2c1C(=O)c1cccc(N)c1C2=O,O=C1c2ccccc2C(=O)c2ccccc21,Oxidized,VWBVCOPVKXNMMZ-UHFFFAOYSA-N,-1.32,-0.791,-1.378
177,"2,6-diaminoanthracene-9,10-dione",Nc1ccc2c(c1)C(=O)c1ccc(N)cc1C2=O,O=C1c2ccccc2C(=O)c2ccccc21,Oxidized,WQOWBWVMZPPPGX-UHFFFAOYSA-N,-1.32,-0.979,
178,"1,4,5,8-tetraaminoanthracene-9,10-dione",Nc1ccc(N)c2c1C(=O)c1c(N)ccc(N)c1C2=O,O=C1c2ccccc2C(=O)c2ccccc21,Oxidized,JSFUMBWFPQSADC-UHFFFAOYSA-N,-2.64,-1.081,-1.467
179,"1-(methylamino)anthracene-9,10-dione",CNc1cccc2c1C(=O)c1ccccc1C2=O,O=C1c2ccccc2C(=O)c2ccccc21,Oxidized,SVTDYSXXLJYUTM-UHFFFAOYSA-N,-0.84,-0.659,-1.28
180,"1-(2-hydroxyethylamino)-4-(methylamino)anthracene-9,10-dione",CNc1ccc(NCCO)c2c1C(=O)c1ccccc1C2=O,O=C1c2ccccc2C(=O)c2ccccc21,Oxidized,NLXFWUZKOOWWFD-UHFFFAOYSA-N,,-0.769,
181,"1,4-bis(methylamino)anthracene-9,10-dione",CNc1ccc(NC)c2c1C(=O)c1ccccc1C2=O,O=C1c2ccccc2C(=O)c2ccccc21,Oxidized,QOSTVEDABRQTSU-UHFFFAOYSA-N,-1.68,-0.77,
182,"1,4-bis(propan-2-ylamino)anthracene-9,10-dione",CC(C)Nc1ccc(NC(C)C)c2c1C(=O)c1ccccc1C2=O,O=C1c2ccccc2C(=O)c2ccccc21,Oxidized,BLFZMXOCPASACY-UHFFFAOYSA-N,,-0.8,-1.378
183,"1-nitroanthracene-9,10-dione",O=C1c2ccccc2C(=O)c2c1cccc2[N+](=O)[O-],O=C1c2ccccc2C(=O)c2ccccc21,Oxidized,YCANAXVBJKNANM-UHFFFAOYSA-N,0.78,-0.341,
184,"2-methyl-1-nitroanthracene-9,10-dione",Cc1ccc2c(c1[N+](=O)[O-])C(=O)c1ccccc1C2=O,O=C1c2ccccc2C(=O)c2ccccc21,Oxidized,FYXKXZFTZBYYNP-UHFFFAOYSA-N,0.61,-0.375,
185,"1,4-diamino-5-nitroanthracene-9,10-dione",Nc1ccc(N)c2c1C(=O)c1cccc([N+](=O)[O-])c1C2=O,O=C1c2ccccc2C(=O)c2ccccc21,Oxidized,SDICTISQCKLMEB-UHFFFAOYSA-N,-0.54,-0.689,
186,"1-hydroxyanthracene-9,10-dione",O=C1c2ccccc2C(=O)c2c(O)cccc21,O=C1c2ccccc2C(=O)c2ccccc21,Oxidized,BTLXPCBPYBNQNR-UHFFFAOYSA-N,-0.37,-0.392,-1.008
187,"2-hydroxyanthracene-9,10-dione",O=C1c2ccccc2C(=O)c2cc(O)ccc21,O=C1c2ccccc2C(=O)c2ccccc21,Oxidized,GCDBEYOJCZLKMC-UHFFFAOYSA-N,-0.37,-0.574,-1.076
188,"1-hydroxy-4-methoxyanthracene-9,10-dione",COc1ccc(O)c2c1C(=O)c1ccccc1C2=O,O=C1c2ccccc2C(=O)c2ccccc21,Oxidized,LXLSOGUOWDOXMC-UHFFFAOYSA-N,-0.64,-0.48,
189,"(4-hydroxy-9,10-dioxoanthracen-1-yl) acetate",CC(=O)Oc1ccc(O)c2c1C(=O)c1ccccc1C2=O,O=C1c2ccccc2C(=O)c2ccccc21,Oxidized,WTODJCNVSBJCJT-UHFFFAOYSA-N,-0.06,-0.366,-0.974
190,"1-amino-4-hydroxyanthracene-9,10-dione",Nc1ccc(O)c2c1C(=O)c1ccccc1C2=O,O=C1c2ccccc2C(=O)c2ccccc21,Oxidized,AQXYVFBSOOBBQV-UHFFFAOYSA-N,-1.03,-0.605,-1.18
191,"1-hydroxy-4-(4-methylanilino)anthracene-9,10-dione",Cc1ccc(Nc2ccc(O)c3c2C(=O)c2ccccc2C3=O)cc1,O=C1c2ccccc2C(=O)c2ccccc21,Oxidized,LJFWQNJLLOFIJK-UHFFFAOYSA-N,,-0.439,-0.995
192,"1-amino-2-bromo-4-hydroxyanthracene-9,10-dione",Nc1c(Br)cc(O)c2c1C(=O)c1ccccc1C2=O,O=C1c2ccccc2C(=O)c2ccccc21,Oxidized,MSSQDESMUMSQEN-UHFFFAOYSA-N,-0.8,-0.442,-1.004
193,"1,2-dihydroxyanthracene-9,10-dione",O=C1c2ccccc2C(=O)c2c1ccc(O)c2O,O=C1c2ccccc2C(=O)c2ccccc21,Oxidized,RGCKGOZRHPZPFP-UHFFFAOYSA-N,-0.74,-0.443,-1.031
194,"1,4-dihydroxyanthracene-9,10-dione",O=C1c2ccccc2C(=O)c2c(O)ccc(O)c21,O=C1c2ccccc2C(=O)c2ccccc21,Oxidized,GUEIZVNYDFNHJU-UHFFFAOYSA-N,-0.74,-0.318,-0.948
195,"1,5-dihydroxyanthracene-9,10-dione",O=C1c2cccc(O)c2C(=O)c2cccc(O)c21,O=C1c2ccccc2C(=O)c2ccccc21,Oxidized,JPICKYUTICNNNJ-UHFFFAOYSA-N,-0.74,-0.252,-0.749
196,"1,8-dihydroxyanthracene-9,10-dione",O=C1c2cccc(O)c2C(=O)c2c(O)cccc21,O=C1c2ccccc2C(=O)c2ccccc21,Oxidized,QBPFLULOKWLNNW-UHFFFAOYSA-N,-0.74,-0.281,-0.966
197,"2,6-dihydroxyanthracene-9,10-dione",O=C1c2ccc(O)cc2C(=O)c2ccc(O)cc21,O=C1c2ccccc2C(=O)c2ccccc21,Oxidized,APAJFZPFBHMFQR-UHFFFAOYSA-N,-0.74,-0.639,
198,"2,7-dihydroxyanthracene-9,10-dione",O=C1c2ccc(O)cc2C(=O)c2cc(O)ccc21,O=C1c2ccccc2C(=O)c2ccccc21,Oxidized,RZTIWMXQXBQJNE-UHFFFAOYSA-N,-0.74,-0.622,
199,"3,4-dihydroxy-9,10-dioxoanthracene-2-sulfonic acid",O=C1c2ccccc2C(=O)c2c1cc(S(=O)(=O)O)c(O)c2O,O=C1c2ccccc2C(=O)c2ccccc21,Oxidized,JKYKXTRKURYNGW-UHFFFAOYSA-N,,-0.477,
200,"1,4-dihydroxy-5-methoxyanthracene-9,10-dione",COc1cccc2c1C(=O)c1c(O)ccc(O)c1C2=O,O=C1c2ccccc2C(=O)c2ccccc21,Oxidized,MHYRKUJLYMYRNX-UHFFFAOYSA-N,-1.01,-0.374,-0.962
201,"1,4-dihydroxy-9,10-dioxoanthracene-2-sulfonic acid",O=C1c2ccccc2C(=O)c2c(O)c(S(=O)(=O)O)cc(O)c21,O=C1c2ccccc2C(=O)c2ccccc21,Oxidized,CCQSBGJULPBARL-UHFFFAOYSA-N,,-0.322,-0.779
202,,CS(=O)(=O)c1cc(O)c2c(c1O)C(=O)c1ccccc1C2=O,O=C1c2ccccc2C(=O)c2ccccc21,Oxidized,WUESBHIZDJVYFZ-UHFFFAOYSA-N,-0.01,-0.00800000000000001,-0.548
203,"1,8-dihydroxy-3-methylanthracene-9,10-dione",Cc1cc(O)c2c(c1)C(=O)c1cccc(O)c1C2=O,O=C1c2ccccc2C(=O)c2ccccc21,Oxidized,LQGUBLBATBMXHT-UHFFFAOYSA-N,-0.91,-0.319,-0.972
204,"1,4-dihydroxy-2,3-dimethylanthracene-9,10-dione",Cc1c(C)c(O)c2c(c1O)C(=O)c1ccccc1C2=O,O=C1c2ccccc2C(=O)c2ccccc21,Oxidized,UEIREGKJDNBMLZ-UHFFFAOYSA-N,-1.08,-0.4,-1.029
205,"1,8-diamino-4,5-dihydroxyanthracene-9,10-dione",Nc1ccc(O)c2c1C(=O)c1c(N)ccc(O)c1C2=O,O=C1c2ccccc2C(=O)c2ccccc21,Oxidized,SJHHHHHQWQOCDQ-UHFFFAOYSA-N,-2.06,-0.573,-1.135
206,"1,2,3-trihydroxyanthracene-9,10-dione",O=C1c2ccccc2C(=O)c2c1cc(O)c(O)c2O,O=C1c2ccccc2C(=O)c2ccccc21,Oxidized,AHKDJQYHVWSRLT-UHFFFAOYSA-N,-1.11,-0.48,
207,"1,2,4-trihydroxyanthracene-9,10-dione",O=C1c2ccccc2C(=O)c2c(O)c(O)cc(O)c21,O=C1c2ccccc2C(=O)c2ccccc21,Oxidized,BBNQQADTFFCFGB-UHFFFAOYSA-N,-1.11,-0.379,-0.961
208,"1,4,5-trihydroxyanthracene-9,10-dione",O=C1c2cccc(O)c2C(=O)c2c(O)ccc(O)c21,O=C1c2ccccc2C(=O)c2ccccc21,Oxidized,PRKNCOCERFKSLP-UHFFFAOYSA-N,-1.11,-0.186,-0.775
209,"1,4,6-trihydroxyanthracene-9,10-dione",O=C1c2ccc(O)cc2C(=O)c2c(O)ccc(O)c21,O=C1c2ccccc2C(=O)c2ccccc21,Oxidized,FDXKFCSGFMVEEG-UHFFFAOYSA-N,-1.11,-0.37,-0.969
210,"1,3,8-trihydroxy-6-methylanthracene-9,10-dione",Cc1cc(O)c2c(c1)C(=O)c1cc(O)cc(O)c1C2=O,O=C1c2ccccc2C(=O)c2ccccc21,Oxidized,RHMXXJGYXNZAPX-UHFFFAOYSA-N,-1.28,-0.328,-0.864
211,"1,2,5,8-tetrahydroxyanthracene-9,10-dione",O=C1c2ccc(O)c(O)c2C(=O)c2c(O)ccc(O)c21,O=C1c2ccccc2C(=O)c2ccccc21,Oxidized,VBHKTXLEJZIDJF-UHFFFAOYSA-N,-1.48,-0.296,-0.87
212,"1,4,5,8-tetrahydroxyanthracene-9,10-dione",O=C1c2c(O)ccc(O)c2C(=O)c2c(O)ccc(O)c21,O=C1c2ccccc2C(=O)c2ccccc21,Oxidized,SOGCSKLTQHBFLP-UHFFFAOYSA-N,-1.48,-0.141,-0.702
213,"1,4,5,8-tetrahydroxy-2-methylanthracene-9,10-dione",Cc1cc(O)c2c(c1O)C(=O)c1c(O)ccc(O)c1C2=O,O=C1c2ccccc2C(=O)c2ccccc21,Oxidized,NFQXCHAJWVRYND-UHFFFAOYSA-N,-1.65,-0.184,-0.735
214,"1,2,4,5,8-pentahydroxyanthracene-9,10-dione",O=C1c2c(O)ccc(O)c2C(=O)c2c(O)c(O)cc(O)c21,O=C1c2ccccc2C(=O)c2ccccc21,Oxidized,LLDSAQJCCUZHBA-UHFFFAOYSA-N,-1.85,-0.235,-0.804
215,"1,2,3,5,6,7-hexahydroxyanthracene-9,10-dione",O=C1c2cc(O)c(O)c(O)c2C(=O)c2cc(O)c(O)c(O)c21,O=C1c2ccccc2C(=O)c2ccccc21,Oxidized,NEIMTOOWBACOHT-UHFFFAOYSA-N,-2.22,-0.255,
216,"(7S,9S)-7-[(2R,4S,5S,6S)-4-amino-5-hydroxy-6-methyloxan-2-yl]oxy-6,9,11-trihydroxy-9-(2-hydroxyacetyl)-4-methoxy-8,10-dihydro-7H-tetracene-5,12-dione",COc1cccc2c1C(=O)c1c(O)c3c(c(O)c1C2=O)CC(O)(C(=O)CO)CC3OC1CC(N)C(O)C(C)O1,O=C1c2ccccc2C(=O)c2ccccc21,Oxidized,AOJJSUZBOXZQNB-TZSSRYMLSA-N,,-0.425,
217,"(7S,9S)-9-acetyl-7-[(2R,4S,5S,6S)-4-amino-5-hydroxy-6-methyloxan-2-yl]oxy-6,9,11-trihydroxy-4-methoxy-8,10-dihydro-7H-tetracene-5,12-dione",COc1cccc2c1C(=O)c1c(O)c3c(c(O)c1C2=O)CC(O)(C(C)=O)CC3OC1CC(N)C(O)C(C)O1,O=C1c2ccccc2C(=O)c2ccccc21,Oxidized,STQGQHZAVUOBTE-VGBVRHCVSA-N,,-0.398,
218,"1-piperidin-1-ylanthracene-9,10-dione",O=C1c2ccccc2C(=O)c2c1cccc2N1CCCCC1,O=C1c2ccccc2C(=O)c2ccccc21,Oxidized,KKECLMYNUGARQZ-UHFFFAOYSA-N,,-0.685,-1.31
219,"2-piperidin-1-ylanthracene-9,10-dione",O=C1c2ccccc2C(=O)c2cc(N3CCCCC3)ccc21,O=C1c2ccccc2C(=O)c2ccccc21,Oxidized,ZBKREKXRZLODLG-UHFFFAOYSA-N,,-0.672,-1.286
220,"2-(2-hydroxyethyl)anthracene-9,10-dione",O=C1c2ccccc2C(=O)c2cc(CCO)ccc21,O=C1c2ccccc2C(=O)c2ccccc21,Oxidized,VXGBURHGPCEMPN-UHFFFAOYSA-N,0.0,-0.59,-1.302
221,"2-methylsulfonylanthracene-9,10-dione",CS(=O)(=O)c1ccc2c(c1)C(=O)c1ccccc1C2=O,O=C1c2ccccc2C(=O)c2ccccc21,Oxidized,BLDUUWWNHUUEJH-UHFFFAOYSA-N,0.9,-0.358,-1.045
222,"2,6-bis(methylsulfonyl)anthracene-9,10-dione",CS(=O)(=O)c1ccc2c(c1)C(=O)c1ccc(S(C)(=O)=O)cc1C2=O,O=C1c2ccccc2C(=O)c2ccccc21,Oxidized,VHFQKTGTOFLANL-UHFFFAOYSA-N,1.8,-0.158,-0.842
223,"2,7-bis(methylsulfonyl)anthracene-9,10-dione",CS(=O)(=O)c1ccc2c(c1)C(=O)c1cc(S(C)(=O)=O)ccc1C2=O,O=C1c2ccccc2C(=O)c2ccccc21,Oxidized,PFHJZDTWXICUKU-UHFFFAOYSA-N,1.8,-0.154,-0.825
224,"9,10-dioxoanthracene-2-sulfonamide",NS(=O)(=O)c1ccc2c(c1)C(=O)c1ccccc1C2=O,O=C1c2ccccc2C(=O)c2ccccc21,Oxidized,YDQLKRJCKPVXDL-UHFFFAOYSA-N,0.57,-0.442,
225,"9,10-dioxoanthracene-2,6-disulfonamide",NS(=O)(=O)c1ccc2c(c1)C(=O)c1ccc(S(N)(=O)=O)cc1C2=O,O=C1c2ccccc2C(=O)c2ccccc21,Oxidized,KMUCUPHKWSBGKA-UHFFFAOYSA-N,1.14,-0.307,-0.816
226,"9,10-dioxoanthracene-2,7-disulfonamide",NS(=O)(=O)c1ccc2c(c1)C(=O)c1cc(S(N)(=O)=O)ccc1C2=O,O=C1c2ccccc2C(=O)c2ccccc21,Oxidized,YCQGWFGTBJAOFM-UHFFFAOYSA-N,1.14,-0.298,
227,"methyl 9,10-dioxoanthracene-2-carboxylate",COC(=O)c1ccc2c(c1)C(=O)c1ccccc1C2=O,O=C1c2ccccc2C(=O)c2ccccc21,Oxidized,JJFLSBOGTGPZMM-UHFFFAOYSA-N,0.45,-0.451,-1.16
228,"9,10-dioxoanthracene-1-sulfonic acid",O=C1c2ccccc2C(=O)c2c1cccc2S(=O)(=O)O,O=C1c2ccccc2C(=O)c2ccccc21,Oxidized,JAJIPIAHCFBEPI-UHFFFAOYSA-N,,-0.621,
229,"9,10-dioxoanthracene-2-sulfonic acid",O=C1c2ccccc2C(=O)c2cc(S(=O)(=O)O)ccc21,O=C1c2ccccc2C(=O)c2ccccc21,Oxidized,MMNWSHJJPDXKCH-UHFFFAOYSA-N,,-0.594,-1.232
230,"9,10-dioxoanthracene-1,5-disulfonic acid",O=C1c2cccc(S(=O)(=O)O)c2C(=O)c2cccc(S(=O)(=O)O)c21,O=C1c2ccccc2C(=O)c2ccccc21,Oxidized,OZTBHAGJSKTDGM-UHFFFAOYSA-N,,-0.632,
231,"9,10-dioxoanthracene-2,6-disulfonic acid",O=C1c2ccc(S(=O)(=O)O)cc2C(=O)c2ccc(S(=O)(=O)O)cc21,O=C1c2ccccc2C(=O)c2ccccc21,Oxidized,MSSUFHMGCXOVBZ-UHFFFAOYSA-N,,-0.593,-1.206
232,"9,10-dioxoanthracene-2,7-disulfonic acid",O=C1c2ccc(S(=O)(=O)O)cc2C(=O)c2cc(S(=O)(=O)O)ccc21,O=C1c2ccccc2C(=O)c2ccccc21,Oxidized,OKONMFPEKSWGEU-UHFFFAOYSA-N,,-0.59,-1.164
233,"naphthalene-1,4-dione",O=C1C=CC(=O)c2ccccc21,O=C1C=CC(=O)c2ccccc21,Oxidized,FRASJONUBLZVQX-UHFFFAOYSA-N,0.0,-0.341,-1.07
234,"5,8-dioxonaphthalene-2-carbonitrile",N#Cc1ccc2c(c1)C(=O)C=CC2=O,O=C1C=CC(=O)c2ccccc21,Oxidized,KHUFLWSKTBKCAC-UHFFFAOYSA-N,0.66,-0.147,-0.876
235,,CC1=C(C)C(=O)c2cc(C#N)ccc2C1=O,O=C1C=CC(=O)c2ccccc21,Oxidized,JJJAJVSEBKEBBC-UHFFFAOYSA-N,0.32,-0.283,-1.012
236,"2-chloronaphthalene-1,4-dione",O=C1C=C(Cl)C(=O)c2ccccc21,O=C1C=CC(=O)c2ccccc21,Oxidized,CCTJHVLTAJTPBV-UHFFFAOYSA-N,0.23,-0.162,-0.959
237,"2-chloro-3-(propylamino)naphthalene-1,4-dione",CCCNC1=C(Cl)C(=O)c2ccccc2C1=O,O=C1C=CC(=O)c2ccccc21,Oxidized,XRAWTFQHXJQAGX-UHFFFAOYSA-N,,-0.464,-1.142
238,"2,3-dichloronaphthalene-1,4-dione",O=C1C(Cl)=C(Cl)C(=O)c2ccccc21,O=C1C=CC(=O)c2ccccc21,Oxidized,SVPKNMBRVBMTLB-UHFFFAOYSA-N,0.46,-0.047,-0.998
239,"6,7-dichloronaphthalene-1,4-dione",O=C1C=CC(=O)c2cc(Cl)c(Cl)cc21,O=C1C=CC(=O)c2ccccc21,Oxidized,WHCHEHXXUJTVHP-UHFFFAOYSA-N,0.46,-0.184,-0.914
240,"2,3-dibromonaphthalene-1,4-dione",O=C1C(Br)=C(Br)C(=O)c2ccccc21,O=C1C=CC(=O)c2ccccc21,Oxidized,PSMABVOYZJWFBV-UHFFFAOYSA-N,0.46,-0.052,-0.847
241,"6,7-dibromo-2-methylnaphthalene-1,4-dione",CC1=CC(=O)c2cc(Br)c(Br)cc2C1=O,O=C1C=CC(=O)c2ccccc21,Oxidized,XLOXXNDUXDYQMJ-UHFFFAOYSA-N,0.29,-0.26,-0.987
242,"6,7-dibromo-2,3-dimethylnaphthalene-1,4-dione",CC1=C(C)C(=O)c2cc(Br)c(Br)cc2C1=O,O=C1C=CC(=O)c2ccccc21,Oxidized,TWIQUIZSKXUQFN-UHFFFAOYSA-N,0.12,-0.337,-1.034
243,"2-methylnaphthalene-1,4-dione",CC1=CC(=O)c2ccccc2C1=O,O=C1C=CC(=O)c2ccccc21,Oxidized,MJVAVZPDRWSRRC-UHFFFAOYSA-N,-0.17,-0.41,-1.144
244,"5-methylnaphthalene-1,4-dione",Cc1cccc2c1C(=O)C=CC2=O,O=C1C=CC(=O)c2ccccc21,Oxidized,HVEQLLXOVCUBPR-UHFFFAOYSA-N,-0.17,-0.396,-1.142
245,"6-methylnaphthalene-1,4-dione",Cc1ccc2c(c1)C(=O)C=CC2=O,O=C1C=CC(=O)c2ccccc21,Oxidized,OPKFWRVRCVCMJH-UHFFFAOYSA-N,-0.17,-0.353,-1.155
246,"2-tert-butylnaphthalene-1,4-dione",CC(C)(C)C1=CC(=O)c2ccccc2C1=O,O=C1C=CC(=O)c2ccccc21,Oxidized,MSRXJQADDALUCI-UHFFFAOYSA-N,-0.2,-0.422,-1.178
247,"2-cyclohexylnaphthalene-1,4-dione",O=C1C=C(C2CCCCC2)C(=O)c2ccccc21,O=C1C=CC(=O)c2ccccc21,Oxidized,LBXMBBATNWKPGI-UHFFFAOYSA-N,-0.22,-0.439,-1.178
248,"2,3-dimethylnaphthalene-1,4-dione",CC1=C(C)C(=O)c2ccccc2C1=O,O=C1C=CC(=O)c2ccccc21,Oxidized,LGFDNUSAWCHVJN-UHFFFAOYSA-N,-0.34,-0.506,-1.217
249,"2,6-dimethylnaphthalene-1,4-dione",CC1=CC(=O)c2cc(C)ccc2C1=O,O=C1C=CC(=O)c2ccccc21,Oxidized,SRLBDWAAORRXIC-UHFFFAOYSA-N,-0.34,-0.489,-1.2
250,"2,7-dimethylnaphthalene-1,4-dione",CC1=CC(=O)c2ccc(C)cc2C1=O,O=C1C=CC(=O)c2ccccc21,Oxidized,YZACZIYTZCJVSN-UHFFFAOYSA-N,-0.34,-0.434,-1.128
251,"2,8-dimethylnaphthalene-1,4-dione",CC1=CC(=O)c2cccc(C)c2C1=O,O=C1C=CC(=O)c2ccccc21,Oxidized,FXHXJNRZDWVCEF-UHFFFAOYSA-N,-0.34,-0.47,
252,"5,8-dimethylnaphthalene-1,4-dione",Cc1ccc(C)c2c1C(=O)C=CC2=O,O=C1C=CC(=O)c2ccccc21,Oxidized,SDPSBJJBXIIKLC-UHFFFAOYSA-N,-0.34,-0.479,-1.088
253,"6,7-dimethylnaphthalene-1,4-dione",Cc1cc2c(cc1C)C(=O)C=CC2=O,O=C1C=CC(=O)c2ccccc21,Oxidized,XQSNCIHUBDBBFY-UHFFFAOYSA-N,-0.34,-0.382,-1.168
254,"2-ethyl-3-methylnaphthalene-1,4-dione",CCC1=C(C)C(=O)c2ccccc2C1=O,O=C1C=CC(=O)c2ccccc21,Oxidized,QWIBLPIAYFAQQQ-UHFFFAOYSA-N,-0.32,-0.504,-1.2
255,"2-methyl-3-pentylnaphthalene-1,4-dione",CCCCCC1=C(C)C(=O)c2ccccc2C1=O,O=C1C=CC(=O)c2ccccc21,Oxidized,XTMWDFCOWHNAPA-UHFFFAOYSA-N,-0.32,-0.508,-1.2
256,"2-decyl-3-methylnaphthalene-1,4-dione",CCCCCCCCCCC1=C(C)C(=O)c2ccccc2C1=O,O=C1C=CC(=O)c2ccccc21,Oxidized,JZCYOZPRLAGWSS-UHFFFAOYSA-N,,-0.516,-1.209
257,"2-methyl-3-undecylnaphthalene-1,4-dione",CCCCCCCCCCCC1=C(C)C(=O)c2ccccc2C1=O,O=C1C=CC(=O)c2ccccc21,Oxidized,ANINJZDEPNDTPH-UHFFFAOYSA-N,,-0.49,-1.2
258,"2-(3,7-dimethylocta-2,6-dienyl)-3-methylnaphthalene-1,4-dione",CC(C)=CCCC(C)=CCC1=C(C)C(=O)c2ccccc2C1=O,O=C1C=CC(=O)c2ccccc21,Oxidized,PTWSIIUEOFZCHW-UHFFFAOYSA-N,,-0.469,
259,,CCCCCCCCC(C)=CCCC(C)=CCCC(C)=CCCC(C)=CCCC(C)=CCCC(C)=CCCC(C)=CCC1=C(C)C(=O)c2ccccc2C1=O,O=C1C=CC(=O)c2ccccc21,Oxidized,RZUSOYJDMCPHOO-UHFFFAOYSA-N,,-0.465,
260,,CCCCCCCCCCCC(C)=CCCC(C)=CCCC(C)=CCCC(C)=CCCC(C)=CCCC(C)=CCCC(C)=CCCC(C)=CCCC(C)=CCCC(C)=CCC1=C(C)C(=O)c2ccccc2C1=O,O=C1C=CC(=O)c2ccccc21,Oxidized,UPIMGIAQQCSSLA-UHFFFAOYSA-N,,-0.469,
261,"6,7-dichloro-2-decyl-3-methylnaphthalene-1,4-dione",CCCCCCCCCCC1=C(C)C(=O)c2cc(Cl)c(Cl)cc2C1=O,O=C1C=CC(=O)c2ccccc21,Oxidized,CAPSZVMTKDNACN-UHFFFAOYSA-N,,-0.327,
262,"2,3,5-trimethylnaphthalene-1,4-dione",CC1=C(C)C(=O)c2c(C)cccc2C1=O,O=C1C=CC(=O)c2ccccc21,Oxidized,DAADFRVSGSAOJZ-UHFFFAOYSA-N,-0.51,-0.6,-1.357
263,"2,3,6,7-tetramethylnaphthalene-1,4-dione",CC1=C(C)C(=O)c2cc(C)c(C)cc2C1=O,O=C1C=CC(=O)c2ccccc21,Oxidized,DTZPATXCQCBOFY-UHFFFAOYSA-N,-0.68,-0.541,
264,"2-methoxynaphthalene-1,4-dione",COC1=CC(=O)c2ccccc2C1=O,O=C1C=CC(=O)c2ccccc21,Oxidized,OBGBGHKYJAOXRR-UHFFFAOYSA-N,-0.27,-0.497,-1.175
265,"5-methoxynaphthalene-1,4-dione",COc1cccc2c1C(=O)C=CC2=O,O=C1C=CC(=O)c2ccccc21,Oxidized,DBDLTJRCKGCKSK-UHFFFAOYSA-N,-0.27,-0.443,
266,"7-hydroxy-2-methoxynaphthalene-1,4-dione",COC1=CC(=O)c2ccc(O)cc2C1=O,O=C1C=CC(=O)c2ccccc21,Oxidized,PMVMOIQWSADFDX-UHFFFAOYSA-N,-0.44,-0.455,
267,"2,3-dimethoxynaphthalene-1,4-dione",COC1=C(OC)C(=O)c2ccccc2C1=O,O=C1C=CC(=O)c2ccccc21,Oxidized,ZEGDFCCYTFPECB-UHFFFAOYSA-N,-0.54,-0.413,-1.142
268,"5,8-dimethoxynaphthalene-1,4-dione",COc1ccc(OC)c2c1C(=O)C=CC2=O,O=C1C=CC(=O)c2ccccc21,Oxidized,HXULXWJWZVUESP-UHFFFAOYSA-N,-0.54,-0.536,
269,"(5,8-dioxonaphthalen-1-yl) acetate",CC(=O)Oc1cccc2c1C(=O)C=CC2=O,O=C1C=CC(=O)c2ccccc21,Oxidized,BSKQCCPLVNJCQE-UHFFFAOYSA-N,0.31,-0.307,
270,"(4-hydroxy-5,8-dioxonaphthalen-1-yl) acetate",CC(=O)Oc1ccc(O)c2c1C(=O)C=CC2=O,O=C1C=CC(=O)c2ccccc21,Oxidized,ZURGQHPGRJXQFH-UHFFFAOYSA-N,-0.06,-0.116,-0.783
271,"(4-acetyloxy-5,8-dioxonaphthalen-1-yl) acetate",CC(=O)Oc1ccc(OC(C)=O)c2c1C(=O)C=CC2=O,O=C1C=CC(=O)c2ccccc21,Oxidized,DEYKOBAZKKDRES-UHFFFAOYSA-N,0.62,-0.269,-0.915
272,"(4,6-diacetyloxy-5,8-dioxonaphthalen-1-yl) acetate",CC(=O)OC1=CC(=O)c2c(OC(C)=O)ccc(OC(C)=O)c2C1=O,O=C1C=CC(=O)c2ccccc21,Oxidized,MOZVYXCDJRKVLA-UHFFFAOYSA-N,0.93,-0.146,-0.898
273,"2-prop-2-enoxynaphthalene-1,4-dione",C=CCOC1=CC(=O)c2ccccc2C1=O,O=C1C=CC(=O)c2ccccc21,Oxidized,GJJKARQHSXJKNX-UHFFFAOYSA-N,-0.25,-0.46,-1.114
274,"2-propan-2-yloxynaphthalene-1,4-dione",CC(C)OC1=CC(=O)c2ccccc2C1=O,O=C1C=CC(=O)c2ccccc21,Oxidized,UPLMJIUMVHVVAB-UHFFFAOYSA-N,-0.45,-0.461,-1.159
275,"2-(benzenesulfonyl)naphthalene-1,4-dione",O=C1C=C(S(=O)(=O)c2ccccc2)C(=O)c2ccccc21,O=C1C=CC(=O)c2ccccc21,Oxidized,SFUAZLZNJJLFBO-UHFFFAOYSA-N,0.7,0.073,-0.7
276,"2-aminonaphthalene-1,4-dione",NC1=CC(=O)c2ccccc2C1=O,O=C1C=CC(=O)c2ccccc21,Oxidized,CYCRZLRIJWDWCM-UHFFFAOYSA-N,-0.66,-0.605,-1.259
277,"2-amino-3-sulfanylnaphthalene-1,4-dione",NC1=C(S)C(=O)c2ccccc2C1=O,O=C1C=CC(=O)c2ccccc21,Oxidized,KOWUSQUHRUZOIH-UHFFFAOYSA-N,-0.51,-0.47,-1.124
278,"N-(3-amino-1,4-dioxonaphthalen-2-yl)acetamide",CC(=O)NC1=C(N)C(=O)c2ccccc2C1=O,O=C1C=CC(=O)c2ccccc21,Oxidized,IZJNNHJVNPVRHJ-UHFFFAOYSA-N,-0.66,-0.527,
279,,CCC(=O)NC1=C(N)C(=O)c2ccccc2C1=O,O=C1C=CC(=O)c2ccccc21,Oxidized,XDBJHQZHYDNPDZ-UHFFFAOYSA-N,,-0.531,-1.146
280,"2-amino-3-(dimethylamino)naphthalene-1,4-dione",CN(C)C1=C(N)C(=O)c2ccccc2C1=O,O=C1C=CC(=O)c2ccccc21,Oxidized,OHTCNTBRTXOMCP-UHFFFAOYSA-N,-1.49,-0.621,-1.353
281,"2-(dimethylamino)naphthalene-1,4-dione",CN(C)C1=CC(=O)c2ccccc2C1=O,O=C1C=CC(=O)c2ccccc21,Oxidized,OCDJBQCSKVSZHQ-UHFFFAOYSA-N,-0.83,-0.605,-1.216
282,"1-(1,4-dioxonaphthalen-2-yl)-3-methylurea",CNC(=O)NC1=CC(=O)c2ccccc2C1=O,O=C1C=CC(=O)c2ccccc21,Oxidized,MZEMHBHUFBKQJG-UHFFFAOYSA-N,,-0.464,-1.125
283,"2-methylsulfanylnaphthalene-1,4-dione",CSC1=CC(=O)c2ccccc2C1=O,O=C1C=CC(=O)c2ccccc21,Oxidized,GGFFBRRZAKLGFX-UHFFFAOYSA-N,0.0,-0.379,-1.106
284,"2-methyl-3-methylsulfanylnaphthalene-1,4-dione",CSC1=C(C)C(=O)c2ccccc2C1=O,O=C1C=CC(=O)c2ccccc21,Oxidized,LQCRQSQHGKVTCR-UHFFFAOYSA-N,-0.17,-0.411,-1.14
285,"2-ethylsulfanyl-3-methylnaphthalene-1,4-dione",CCSC1=C(C)C(=O)c2ccccc2C1=O,O=C1C=CC(=O)c2ccccc21,Oxidized,AAPLOQZFUUYECE-UHFFFAOYSA-N,-0.14,-0.401,-1.174
286,"5-hydroxynaphthalene-1,4-dione",O=C1C=CC(=O)c2c(O)cccc21,O=C1C=CC(=O)c2ccccc21,Oxidized,KQPYUDDGWXQXHS-UHFFFAOYSA-N,-0.37,-0.15,-0.838
287,,CC(CCC1=C(O)C(=O)c2ccccc2C1=O)c1ccc(Oc2ccccc2)cc1,O=C1C=CC(=O)c2ccccc21,Oxidized,SGCUVLGRRQQXEL-UHFFFAOYSA-N,,-0.359,-1.212
288,,CCCCCCCCCCSCCCCCCCCCCC1=C(O)C(=O)c2ccccc2C1=O,O=C1C=CC(=O)c2ccccc21,Oxidized,JVBOEGHBOFZUDD-UHFFFAOYSA-N,,-0.342,-1.189
289,,Cc1ccc(SCCCCCCCCCCC2=C(O)C(=O)c3ccccc3C2=O)cc1,O=C1C=CC(=O)c2ccccc21,Oxidized,HHBUUQVNECEBOT-UHFFFAOYSA-N,,-0.376,-1.204
290,,O=C1C(O)=C(CCCCCCCCCCOc2ccc(C3CCCCC3)cc2)C(=O)c2ccccc21,O=C1C=CC(=O)c2ccccc21,Oxidized,BDWKLHZIZDTLJP-UHFFFAOYSA-N,,-0.27,-1.204
291,"2-bromo-8-hydroxynaphthalene-1,4-dione",O=C1C=C(Br)C(=O)c2c(O)cccc21,O=C1C=CC(=O)c2ccccc21,Oxidized,QQUYEYJPZLCULC-UHFFFAOYSA-N,-0.14,0.00699999999999998,-0.696
292,"5-hydroxy-2-methylnaphthalene-1,4-dione",CC1=CC(=O)c2c(O)cccc2C1=O,O=C1C=CC(=O)c2ccccc21,Oxidized,VCMMXZQDRFWYSE-UHFFFAOYSA-N,-0.54,-0.239,-0.936
293,"8-hydroxy-2-methylnaphthalene-1,4-dione",CC1=CC(=O)c2cccc(O)c2C1=O,O=C1C=CC(=O)c2ccccc21,Oxidized,ZMOIGGHUSNHCAB-UHFFFAOYSA-N,-0.54,-0.224,-0.877
294,"2,3-dihydroxynaphthalene-1,4-dione",O=C1C(O)=C(O)C(=O)c2ccccc21,O=C1C=CC(=O)c2ccccc21,Oxidized,BVQUETZBXIMAFZ-UHFFFAOYSA-N,-0.74,-0.35,-1.091
295,"5,8-dihydroxynaphthalene-1,4-dione",O=C1C=CC(=O)c2c(O)ccc(O)c21,O=C1C=CC(=O)c2ccccc21,Oxidized,RQNVIKXOOKXAJQ-UHFFFAOYSA-N,-0.74,-0.044,-0.739
296,,CCCCCCCCCCCC1=C(O)C(=O)c2cc(O)ccc2C1=O,O=C1C=CC(=O)c2ccccc21,Oxidized,OVMWMLGAUUELOH-UHFFFAOYSA-N,,-0.427,
297,"2-(3-methylphenyl)sulfanylnaphthalene-1,4-dione",Cc1cccc(SC2=CC(=O)c3ccccc3C2=O)c1,O=C1C=CC(=O)c2ccccc21,Oxidized,FFYVIUPHLVZLOJ-UHFFFAOYSA-N,,-0.256,-0.979
298,"2-methyl-3-naphthalen-2-ylsulfanylnaphthalene-1,4-dione",CC1=C(Sc2ccc3ccccc3c2)C(=O)c2ccccc2C1=O,O=C1C=CC(=O)c2ccccc21,Oxidized,VJNUKEXIWYTSIY-UHFFFAOYSA-N,,-0.281,-1.029
299,"2-methylnaphthalene-1,4-dione",CC1=CC(=O)c2ccccc2C1=O,O=C1C=CC(=O)c2ccccc21,Oxidized,MJVAVZPDRWSRRC-UHFFFAOYSA-N,-0.17,0.172,0.166
300,"5-methylnaphthalene-1,4-dione",Cc1cccc2c1C(=O)C=CC2=O,O=C1C=CC(=O)c2ccccc21,Oxidized,HVEQLLXOVCUBPR-UHFFFAOYSA-N,-0.17,0.185,0.168
301,"6-methylnaphthalene-1,4-dione",Cc1ccc2c(c1)C(=O)C=CC2=O,O=C1C=CC(=O)c2ccccc21,Oxidized,OPKFWRVRCVCMJH-UHFFFAOYSA-N,-0.17,0.228,0.155
302,"2,3-dimethylnaphthalene-1,4-dione",CC1=C(C)C(=O)c2ccccc2C1=O,O=C1C=CC(=O)c2ccccc21,Oxidized,LGFDNUSAWCHVJN-UHFFFAOYSA-N,-0.34,0.075,0.093
303,"2,6-dimethylnaphthalene-1,4-dione",CC1=CC(=O)c2cc(C)ccc2C1=O,O=C1C=CC(=O)c2ccccc21,Oxidized,SRLBDWAAORRXIC-UHFFFAOYSA-N,-0.34,0.092,0.11
304,"2,7-dimethylnaphthalene-1,4-dione",CC1=CC(=O)c2ccc(C)cc2C1=O,O=C1C=CC(=O)c2ccccc21,Oxidized,YZACZIYTZCJVSN-UHFFFAOYSA-N,-0.34,0.147,0.187
305,"2,8-dimethylnaphthalene-1,4-dione",CC1=CC(=O)c2cccc(C)c2C1=O,O=C1C=CC(=O)c2ccccc21,Oxidized,FXHXJNRZDWVCEF-UHFFFAOYSA-N,-0.34,0.111,
306,"5,8-dimethylnaphthalene-1,4-dione",Cc1ccc(C)c2c1C(=O)C=CC2=O,O=C1C=CC(=O)c2ccccc21,Oxidized,SDPSBJJBXIIKLC-UHFFFAOYSA-N,-0.34,0.102,0.222
307,"6,7-dimethylnaphthalene-1,4-dione",Cc1cc2c(cc1C)C(=O)C=CC2=O,O=C1C=CC(=O)c2ccccc21,Oxidized,XQSNCIHUBDBBFY-UHFFFAOYSA-N,-0.34,0.199,0.142
308,"2-methoxynaphthalene-1,4-dione",COC1=CC(=O)c2ccccc2C1=O,O=C1C=CC(=O)c2ccccc21,Oxidized,OBGBGHKYJAOXRR-UHFFFAOYSA-N,-0.27,0.082,0.135
309,"5-methoxynaphthalene-1,4-dione",COc1cccc2c1C(=O)C=CC2=O,O=C1C=CC(=O)c2ccccc21,Oxidized,DBDLTJRCKGCKSK-UHFFFAOYSA-N,-0.27,0.138,
310,"2,3-dimethoxynaphthalene-1,4-dione",COC1=C(OC)C(=O)c2ccccc2C1=O,O=C1C=CC(=O)c2ccccc21,Oxidized,ZEGDFCCYTFPECB-UHFFFAOYSA-N,-0.54,0.168,0.168
311,"5,8-dimethoxynaphthalene-1,4-dione",COc1ccc(OC)c2c1C(=O)C=CC2=O,O=C1C=CC(=O)c2ccccc21,Oxidized,HXULXWJWZVUESP-UHFFFAOYSA-N,-0.54,0.045,
312,"2-chloronaphthalene-1,4-dione",O=C1C=C(Cl)C(=O)c2ccccc21,O=C1C=CC(=O)c2ccccc21,Oxidized,CCTJHVLTAJTPBV-UHFFFAOYSA-N,0.23,0.419,0.351
313,"2,3-dichloronaphthalene-1,4-dione",O=C1C(Cl)=C(Cl)C(=O)c2ccccc21,O=C1C=CC(=O)c2ccccc21,Oxidized,SVPKNMBRVBMTLB-UHFFFAOYSA-N,0.46,0.534,0.456
314,"6,7-dichloronaphthalene-1,4-dione",O=C1C=CC(=O)c2cc(Cl)c(Cl)cc21,O=C1C=CC(=O)c2ccccc21,Oxidized,WHCHEHXXUJTVHP-UHFFFAOYSA-N,0.46,0.397,0.396
315,"5-hydroxynaphthalene-1,4-dione",O=C1C=CC(=O)c2c(O)cccc21,O=C1C=CC(=O)c2ccccc21,Oxidized,KQPYUDDGWXQXHS-UHFFFAOYSA-N,-0.37,0.431,0.472
316,"2,3-dihydroxynaphthalene-1,4-dione",O=C1C(O)=C(O)C(=O)c2ccccc21,O=C1C=CC(=O)c2ccccc21,Oxidized,BVQUETZBXIMAFZ-UHFFFAOYSA-N,-0.74,0.231,0.219
317,"5,8-dihydroxynaphthalene-1,4-dione",O=C1C=CC(=O)c2c(O)ccc(O)c21,O=C1C=CC(=O)c2ccccc21,Oxidized,RQNVIKXOOKXAJQ-UHFFFAOYSA-N,-0.74,0.537,0.571
318,"3,4,5,6-tetrachlorocyclohexa-3,5-diene-1,2-dione",O=C1C(=O)C(Cl)=C(Cl)C(Cl)=C1Cl,O=C1C=CC=CC1=O,Oxidized,VRGCYEIGVVTZCC-UHFFFAOYSA-N,,0.437,-0.405
319,"3,4,5,6-tetrabromocyclohexa-3,5-diene-1,2-dione",O=C1C(=O)C(Br)=C(Br)C(Br)=C1Br,O=C1C=CC=CC1=O,Oxidized,DXKHBLYQXDEINJ-UHFFFAOYSA-N,,0.441,-0.362
320,"3,5-dibutylcyclohexa-3,5-diene-1,2-dione",CCCCC1=CC(=O)C(=O)C(CCCC)=C1,O=C1C=CC=CC1=O,Oxidized,BPNXFNXZUXTGFK-UHFFFAOYSA-N,,-0.218,-0.902
321,"4-(1H-indol-3-yl)cyclohexa-3,5-diene-1,2-dione",O=C1C=CC(c2c[nH]c3ccccc23)=CC1=O,O=C1C=CC=CC1=O,Oxidized,JKNXUNNCTQXBAS-UHFFFAOYSA-N,,-0.125,-0.587
322,"naphthalene-1,2-dione",O=C1C=Cc2ccccc2C1=O,O=C1C=Cc2ccccc2C1=O,Oxidized,KETQAJRQOHHATG-UHFFFAOYSA-N,,-0.24,-1.004
323,"3-bromonaphthalene-1,2-dione",O=C1C(=O)c2ccccc2C=C1Br,O=C1C=Cc2ccccc2C1=O,Oxidized,ZUAIQPLHNIKQPF-UHFFFAOYSA-N,,-0.086,-1.014
324,"4-prop-2-enoxynaphthalene-1,2-dione",C=CCOC1=CC(=O)C(=O)c2ccccc21,O=C1C=Cc2ccccc2C1=O,Oxidized,ZNCUVIUEUCWBPS-UHFFFAOYSA-N,,-0.24,-1.166
325,"4-(dimethylamino)naphthalene-1,2-dione",CN(C)C1=CC(=O)C(=O)c2ccccc21,O=C1C=Cc2ccccc2C1=O,Oxidized,ALDVFHJWLPLJHT-UHFFFAOYSA-N,,-0.51,-1.174
326,"4-(ethylamino)naphthalene-1,2-dione",CCNC1=CC(=O)C(=O)c2ccccc21,O=C1C=Cc2ccccc2C1=O,Oxidized,FSDPJIFZNXRVPK-UHFFFAOYSA-N,,-0.519,-1.221
327,"4-hydroxynaphthalene-1,2-dione",O=C1C=C(O)c2ccccc2C1=O,O=C1C=Cc2ccccc2C1=O,Oxidized,WVCHIGAIXREVNS-UHFFFAOYSA-N,,-0.17,-0.821
328,"3,4-dioxonaphthalene-1-sulfonic acid",O=C1C=C(S(=O)(=O)O)c2ccccc2C1=O,O=C1C=Cc2ccccc2C1=O,Oxidized,PZTGRDMCBZUJDL-UHFFFAOYSA-N,,-0.193,-0.8
329,"3,4-dioxonaphthalene-1,7-disulfonic acid",O=C1C=C(S(=O)(=O)O)c2cc(S(=O)(=O)O)ccc2C1=O,O=C1C=Cc2ccccc2C1=O,Oxidized,CYHRUMFFPMTPMI-UHFFFAOYSA-N,,-0.164,
330,"4-prop-2-enoxynaphthalene-1,2-dione",C=CCOC1=CC(=O)C(=O)c2ccccc21,O=C1C=Cc2ccccc2C1=O,Oxidized,ZNCUVIUEUCWBPS-UHFFFAOYSA-N,,-0.218,-1.161
331,"anthracene-1,4-dione",O=C1C=CC(=O)c2cc3ccccc3cc21,O=C1C=CC(=O)c2cc3ccccc3cc21,Oxidized,LSOTZYUVGZKSHR-UHFFFAOYSA-N,,-0.4,-1.143
332,"4-hydroxyanthracene-1,2-dione",O=C1C=C(O)c2cc3ccccc3cc2C1=O,O=C1C=Cc2cc3ccccc3cc2C1=O,Oxidized,MADWOKVVJIIQMP-UHFFFAOYSA-N,,-0.247,-1.127
333,"phenanthrene-9,10-dione",O=C1C(=O)c2ccccc2-c2ccccc21,O=C1C(=O)c2ccccc2-c2ccccc21,Oxidized,YYVYAPXYZVYDHN-UHFFFAOYSA-N,,-0.33,-0.944
334,"1-methyl-7-propan-2-ylphenanthrene-9,10-dione",Cc1cccc2c1C(=O)C(=O)c1cc(C(C)C)ccc1-2,O=C1C(=O)c2ccccc2-c2ccccc21,Oxidized,WVOVXOXRXQFTAS-UHFFFAOYSA-N,,-0.43,-1.017
335,"2,7-dihydroxyphenanthrene-9,10-dione",O=C1C(=O)c2cc(O)ccc2-c2ccc(O)cc21,O=C1C(=O)c2ccccc2-c2ccccc21,Oxidized,DOXDNIYJNDSMNY-UHFFFAOYSA-N,,-0.384,0.24
336,"4-(3,5-dimethyl-4-oxocyclohexa-2,5-dien-1-ylidene)-2,6-dimethylcyclohexa-2,5-dien-1-one",CC1=CC(=C2C=C(C)C(=O)C(C)=C2)C=C(C)C1=O,O=C1C=CC(=C2C=CC(=O)C=C2)C=C1,Oxidized,QDRFIDSUGRGGAY-UHFFFAOYSA-N,,-0.091,-0.464
337,"4-[4-oxo-3,5-di(propan-2-yl)cyclohexa-2,5-dien-1-ylidene]-2,6-di(propan-2-yl)cyclohexa-2,5-dien-1-one",CC(C)C1=CC(=C2C=C(C(C)C)C(=O)C(C(C)C)=C2)C=C(C(C)C)C1=O,O=C1C=CC(=C2C=CC(=O)C=C2)C=C1,Oxidized,ARMCFFIHDTWHHK-UHFFFAOYSA-N,,-0.074,-0.472
338,"2,6-dibutyl-4-(3,5-dibutyl-4-oxocyclohexa-2,5-dien-1-ylidene)cyclohexa-2,5-dien-1-one",CCCCC1=CC(=C2C=C(CCCC)C(=O)C(CCCC)=C2)C=C(CCCC)C1=O,O=C1C=CC(=C2C=CC(=O)C=C2)C=C1,Oxidized,QPFVCDNIZRSGDU-UHFFFAOYSA-N,,-0.091,-0.46
339,xanthen-9-one,O=c1c2ccccc2oc2ccccc12,O=c1c2ccccc2oc2ccccc12,Oxidized,JNELGWHKGNBSMD-UHFFFAOYSA-N,,-1.363,
340,"1,4-dihydroxyxanthen-9-one",O=c1c2ccccc2oc2c(O)ccc(O)c12,O=c1c2ccccc2oc2ccccc12,Oxidized,YVXJETAOWDKWOW-UHFFFAOYSA-N,,-1.26,
341,"2H-thiopyrano[3,2-b]chromen-10-one",O=c1c2c(oc3ccccc13)C=CCS2,O=c1c2c(oc3ccccc13)C=CCS2,Oxidized,QJZZMXKPOZFDFH-UHFFFAOYSA-N,,-1.3,
342,10-oxothioxanthen-9-one,O=C1c2ccccc2S(=O)c2ccccc21,,,YEZOVIIHKKPUOS-UHFFFAOYSA-N,,-0.881,
343,"10,10-dioxothioxanthen-9-one",O=C1c2ccccc2S(=O)(=O)c2ccccc21,,,DRIRMYPZOAOUPR-UHFFFAOYSA-N,,-0.731,
344,"1,8-dihydroxy-10H-anthracen-9-one",O=C1c2c(O)cccc2Cc2cccc(O)c21,,,NUZWLKWWNNJHPT-UHFFFAOYSA-N,,-1.07,
345,"10,10-dimethylanthracen-9-one",CC1(C)c2ccccc2C(=O)c2ccccc21,,,GWFCYDIAPRIMLA-UHFFFAOYSA-N,,-1.405,
